{
  "meta": {
    "data_version": "1.0.0",
    "created": "2011-05-06",
    "revision": 3
  },
  "info": {
    "balls_per_over": 6,
    "city": "Jaipur",
    "dates": [
      "2008-05-04"
    ],
    "event": {
      "match_number": 24,
      "name": "Indian Premier League"
    },
    "gender": "male",
    "match_type": "T20",
    "officials": {
      "match_referees": [
        "FM Engineer"
      ],
      "reserve_umpires": [
        "MSS Ranawat"
      ],
      "tv_umpires": [
        "Aleem Dar"
      ],
      "umpires": [
        "Asad Rauf",
        "AV Jayaprakash"
      ]
    },
    "outcome": {
      "by": {
        "wickets": 8
      },
      "winner": "Rajasthan Royals"
    },
    "overs": 20,
    "player_of_match": [
      "Sohail Tanvir"
    ],
    "players": {
      "Chennai Super Kings": [
        "PA Patel",
        "SP Fleming",
        "S Vidyut",
        "SK Raina",
        "S Badrinath",
        "MS Dhoni",
        "JA Morkel",
        "Joginder Sharma",
        "MS Gony",
        "M Muralitharan",
        "M Ntini"
      ],
      "Rajasthan Royals": [
        "GC Smith",
        "SA Asnodkar",
        "YK Pathan",
        "SR Watson",
        "M Rawat",
        "M Kaif",
        "RA Jadeja",
        "SK Warne",
        "Sohail Tanvir",
        "SK Trivedi",
        "MM Patel"
      ]
    },
    "registry": {
      "people": {
        "AV Jayaprakash": "bde6e9ef",
        "Aleem Dar": "f02778d1",
        "Asad Rauf": "861606b7",
        "FM Engineer": "6529ee42",
        "GC Smith": "72861603",
        "JA Morkel": "c3d35165",
        "Joginder Sharma": "9f961c14",
        "M Kaif": "d84378a4",
        "M Muralitharan": "4ba44e19",
        "M Ntini": "20a941bb",
        "M Rawat": "de8d3876",
        "MM Patel": "f0f628c7",
        "MS Dhoni": "4a8a2e3b",
        "MS Gony": "ae78bc32",
        "MSS Ranawat": "8048c698",
        "PA Patel": "b5da6c24",
        "RA Jadeja": "fe93fd9d",
        "S Badrinath": "3576e47e",
        "S Vidyut": "756389bd",
        "SA Asnodkar": "ae091d39",
        "SK Raina": "1dc12ab9",
        "SK Trivedi": "3d7e087f",
        "SK Warne": "bb18be76",
        "SP Fleming": "eea6b7f1",
        "SR Watson": "4329fbb5",
        "Sohail Tanvir": "64d43928",
        "YK Pathan": "3c6ffae8"
      }
    },
    "season": "2007/08",
    "team_type": "club",
    "teams": [
      "Rajasthan Royals",
      "Chennai Super Kings"
    ],
    "toss": {
      "decision": "bat",
      "winner": "Chennai Super Kings"
    },
    "venue": "Sawai Mansingh Stadium"
  },
  "innings": [
    {
      "team": "Chennai Super Kings",
      "overs": [
        {
          "over": 0,
          "deliveries": [
            {
              "batter": "PA Patel",
              "bowler": "Sohail Tanvir",
              "non_striker": "SP Fleming",
              "runs": {
                "batter": 0,
                "extras": 0,
                "total": 0
              },
              "wickets": [
                {
                  "kind": "lbw",
                  "player_out": "PA Patel"
                }
              ]
            },
            {
              "batter": "S Vidyut",
              "bowler": "Sohail Tanvir",
              "non_striker": "SP Fleming",
              "runs": {
                "batter": 0,
                "extras": 0,
                "total": 0
              }
            },
            {
              "batter": "S Vidyut",
              "bowler": "Sohail Tanvir",
              "non_striker": "SP Fleming",
              "runs": {
                "batter": 1,
                "extras": 0,
                "total": 1
              }
            },
            {
              "batter": "SP Fleming",
              "bowler": "Sohail Tanvir",
              "non_striker": "S Vidyut",
              "runs": {
                "batter": 0,
                "extras": 0,
                "total": 0
              }
            },
            {
              "batter": "SP Fleming",
              "bowler": "Sohail Tanvir",
              "non_striker": "S Vidyut",
              "runs": {
                "batter": 0,
                "extras": 0,
                "total": 0
              },
              "wickets": [
                {
                  "kind": "lbw",
                  "player_out": "SP Fleming"
                }
              ]
            },
            {
              "batter": "SK Raina",
              "bowler": "Sohail Tanvir",
              "non_striker": "S Vidyut",
              "runs": {
                "batter": 0,
                "extras": 0,
                "total": 0
              }
            }
          ]
        },
        {
          "over": 1,
          "deliveries": [
            {
              "batter": "S Vidyut",
              "bowler": "SR Watson",
              "non_striker": "SK Raina",
              "runs": {
                "batter": 4,
                "extras": 0,
                "total": 4
              }
            },
            {
              "batter": "S Vidyut",
              "bowler": "SR Watson",
              "non_striker": "SK Raina",
              "runs": {
                "batter": 0,
                "extras": 0,
                "total": 0
              }
            },
            {
              "batter": "S Vidyut",
              "bowler": "SR Watson",
              "non_striker": "SK Raina",
              "runs": {
                "batter": 0,
                "extras": 0,
                "total": 0
              }
            },
            {
              "batter": "S Vidyut",
              "bowler": "SR Watson",
              "extras": {
                "wides": 1
              },
              "non_striker": "SK Raina",
              "runs": {
                "batter": 0,
                "extras": 1,
                "total": 1
              }
            },
            {
              "batter": "S Vidyut",
              "bowler": "SR Watson",
              "non_striker": "SK Raina",
              "runs": {
                "batter": 0,
                "extras": 0,
                "total": 0
              }
            },
            {
              "batter": "S Vidyut",
              "bowler": "SR Watson",
              "non_striker": "SK Raina",
              "runs": {
                "batter": 0,
                "extras": 0,
                "total": 0
              }
            },
            {
              "batter": "S Vidyut",
              "bowler": "SR Watson",
              "extras": {
                "byes": 4
              },
              "non_striker": "SK Raina",
              "runs": {
                "batter": 0,
                "extras": 4,
                "total": 4
              }
            }
          ]
        },
        {
          "over": 2,
          "deliveries": [
            {
              "batter": "SK Raina",
              "bowler": "Sohail Tanvir",
              "non_striker": "S Vidyut",
              "runs": {
                "batter": 0,
                "extras": 0,
                "total": 0
              }
            },
            {
              "batter": "SK Raina",
              "bowler": "Sohail Tanvir",
              "non_striker": "S Vidyut",
              "runs": {
                "batter": 0,
                "extras": 0,
                "total": 0
              }
            },
            {
              "batter": "SK Raina",
              "bowler": "Sohail Tanvir",
              "non_striker": "S Vidyut",
              "runs": {
                "batter": 1,
                "extras": 0,
                "total": 1
              }
            },
            {
              "batter": "S Vidyut",
              "bowler": "Sohail Tanvir",
              "non_striker": "SK Raina",
              "runs": {
                "batter": 0,
                "extras": 0,
                "total": 0
              }
            },
            {
              "batter": "S Vidyut",
              "bowler": "Sohail Tanvir",
              "non_striker": "SK Raina",
              "runs": {
                "batter": 0,
                "extras": 0,
                "total": 0
              },
              "wickets": [
                {
                  "kind": "caught",
                  "player_out": "S Vidyut",
                  "fielders": [
                    {
                      "name": "SK Warne"
                    }
                  ]
                }
              ]
            },
            {
              "batter": "S Badrinath",
              "bowler": "Sohail Tanvir",
              "extras": {
                "legbyes": 1
              },
              "non_striker": "SK Raina",
              "runs": {
                "batter": 0,
                "extras": 1,
                "total": 1
              }
            }
          ]
        },
        {
          "over": 3,
          "deliveries": [
            {
              "batter": "S Badrinath",
              "bowler": "MM Patel",
              "non_striker": "SK Raina",
              "runs": {
                "batter": 0,
                "extras": 0,
                "total": 0
              }
            },
            {
              "batter": "S Badrinath",
              "bowler": "MM Patel",
              "non_striker": "SK Raina",
              "runs": {
                "batter": 0,
                "extras": 0,
                "total": 0
              }
            },
            {
              "batter": "S Badrinath",
              "bowler": "MM Patel",
              "non_striker": "SK Raina",
              "runs": {
                "batter": 0,
                "extras": 0,
                "total": 0
              }
            },
            {
              "batter": "S Badrinath",
              "bowler": "MM Patel",
              "non_striker": "SK Raina",
              "runs": {
                "batter": 0,
                "extras": 0,
                "total": 0
              }
            },
            {
              "batter": "S Badrinath",
              "bowler": "MM Patel",
              "non_striker": "SK Raina",
              "runs": {
                "batter": 4,
                "extras": 0,
                "total": 4
              }
            },
            {
              "batter": "S Badrinath",
              "bowler": "MM Patel",
              "non_striker": "SK Raina",
              "runs": {
                "batter": 0,
                "extras": 0,
                "total": 0
              }
            }
          ]
        },
        {
          "over": 4,
          "deliveries": [
            {
              "batter": "SK Raina",
              "bowler": "SK Trivedi",
              "non_striker": "S Badrinath",
              "runs": {
                "batter": 4,
                "extras": 0,
                "total": 4
              }
            },
            {
              "batter": "SK Raina",
              "bowler": "SK Trivedi",
              "non_striker": "S Badrinath",
              "runs": {
                "batter": 1,
                "extras": 0,
                "total": 1
              }
            },
            {
              "batter": "S Badrinath",
              "bowler": "SK Trivedi",
              "non_striker": "SK Raina",
              "runs": {
                "batter": 0,
                "extras": 0,
                "total": 0
              }
            },
            {
              "batter": "S Badrinath",
              "bowler": "SK Trivedi",
              "non_striker": "SK Raina",
              "runs": {
                "batter": 3,
                "extras": 0,
                "total": 3
              }
            },
            {
              "batter": "SK Raina",
              "bowler": "SK Trivedi",
              "non_striker": "S Badrinath",
              "runs": {
                "batter": 4,
                "extras": 0,
                "total": 4
              }
            },
            {
              "batter": "SK Raina",
              "bowler": "SK Trivedi",
              "non_striker": "S Badrinath",
              "runs": {
                "batter": 2,
                "extras": 0,
                "total": 2
              }
            }
          ]
        },
        {
          "over": 5,
          "deliveries": [
            {
              "batter": "S Badrinath",
              "bowler": "SR Watson",
              "non_striker": "SK Raina",
              "runs": {
                "batter": 4,
                "extras": 0,
                "total": 4
              }
            },
            {
              "batter": "S Badrinath",
              "bowler": "SR Watson",
              "non_striker": "SK Raina",
              "runs": {
                "batter": 0,
                "extras": 0,
                "total": 0
              }
            },
            {
              "batter": "S Badrinath",
              "bowler": "SR Watson",
              "non_striker": "SK Raina",
              "runs": {
                "batter": 0,
                "extras": 0,
                "total": 0
              }
            },
            {
              "batter": "S Badrinath",
              "bowler": "SR Watson",
              "non_striker": "SK Raina",
              "runs": {
                "batter": 4,
                "extras": 0,
                "total": 4
              }
            },
            {
              "batter": "S Badrinath",
              "bowler": "SR Watson",
              "non_striker": "SK Raina",
              "runs": {
                "batter": 0,
                "extras": 0,
                "total": 0
              },
              "wickets": [
                {
                  "kind": "caught and bowled",
                  "player_out": "S Badrinath"
                }
              ]
            },
            {
              "batter": "MS Dhoni",
              "bowler": "SR Watson",
              "non_striker": "SK Raina",
              "runs": {
                "batter": 0,
                "extras": 0,
                "total": 0
              }
            }
          ]
        },
        {
          "over": 6,
          "deliveries": [
            {
              "batter": "SK Raina",
              "bowler": "MM Patel",
              "non_striker": "MS Dhoni",
              "runs": {
                "batter": 1,
                "extras": 0,
                "total": 1
              }
            },
            {
              "batter": "MS Dhoni",
              "bowler": "MM Patel",
              "non_striker": "SK Raina",
              "runs": {
                "batter": 1,
                "extras": 0,
                "total": 1
              }
            },
            {
              "batter": "SK Raina",
              "bowler": "MM Patel",
              "non_striker": "MS Dhoni",
              "runs": {
                "batter": 0,
                "extras": 0,
                "total": 0
              }
            },
            {
              "batter": "SK Raina",
              "bowler": "MM Patel",
              "non_striker": "MS Dhoni",
              "runs": {
                "batter": 1,
                "extras": 0,
                "total": 1
              }
            },
            {
              "batter": "MS Dhoni",
              "bowler": "MM Patel",
              "non_striker": "SK Raina",
              "runs": {
                "batter": 0,
                "extras": 0,
                "total": 0
              }
            },
            {
              "batter": "MS Dhoni",
              "bowler": "MM Patel",
              "non_striker": "SK Raina",
              "runs": {
                "batter": 0,
                "extras": 0,
                "total": 0
              }
            }
          ]
        },
        {
          "over": 7,
          "deliveries": [
            {
              "batter": "SK Raina",
              "bowler": "SK Warne",
              "non_striker": "MS Dhoni",
              "runs": {
                "batter": 2,
                "extras": 0,
                "total": 2
              }
            },
            {
              "batter": "SK Raina",
              "bowler": "SK Warne",
              "non_striker": "MS Dhoni",
              "runs": {
                "batter": 1,
                "extras": 0,
                "total": 1
              }
            },
            {
              "batter": "MS Dhoni",
              "bowler": "SK Warne",
              "non_striker": "SK Raina",
              "runs": {
                "batter": 0,
                "extras": 0,
                "total": 0
              }
            },
            {
              "batter": "MS Dhoni",
              "bowler": "SK Warne",
              "non_striker": "SK Raina",
              "runs": {
                "batter": 0,
                "extras": 0,
                "total": 0
              }
            },
            {
              "batter": "MS Dhoni",
              "bowler": "SK Warne",
              "non_striker": "SK Raina",
              "runs": {
                "batter": 0,
                "extras": 0,
                "total": 0
              },
              "wickets": [
                {
                  "kind": "caught",
                  "player_out": "MS Dhoni",
                  "fielders": [
                    {
                      "name": "GC Smith"
                    }
                  ]
                }
              ]
            },
            {
              "batter": "JA Morkel",
              "bowler": "SK Warne",
              "non_striker": "SK Raina",
              "runs": {
                "batter": 2,
                "extras": 0,
                "total": 2
              }
            }
          ]
        },
        {
          "over": 8,
          "deliveries": [
            {
              "batter": "SK Raina",
              "bowler": "MM Patel",
              "non_striker": "JA Morkel",
              "runs": {
                "batter": 1,
                "extras": 0,
                "total": 1
              }
            },
            {
              "batter": "JA Morkel",
              "bowler": "MM Patel",
              "non_striker": "SK Raina",
              "runs": {
                "batter": 0,
                "extras": 0,
                "total": 0
              }
            },
            {
              "batter": "JA Morkel",
              "bowler": "MM Patel",
              "non_striker": "SK Raina",
              "runs": {
                "batter": 1,
                "extras": 0,
                "total": 1
              }
            },
            {
              "batter": "SK Raina",
              "bowler": "MM Patel",
              "non_striker": "JA Morkel",
              "runs": {
                "batter": 1,
                "extras": 0,
                "total": 1
              }
            },
            {
              "batter": "JA Morkel",
              "bowler": "MM Patel",
              "non_striker": "SK Raina",
              "runs": {
                "batter": 1,
                "extras": 0,
                "total": 1
              }
            },
            {
              "batter": "SK Raina",
              "bowler": "MM Patel",
              "non_striker": "JA Morkel",
              "runs": {
                "batter": 1,
                "extras": 0,
                "total": 1
              }
            }
          ]
        },
        {
          "over": 9,
          "deliveries": [
            {
              "batter": "SK Raina",
              "bowler": "SK Warne",
              "non_striker": "JA Morkel",
              "runs": {
                "batter": 1,
                "extras": 0,
                "total": 1
              }
            },
            {
              "batter": "JA Morkel",
              "bowler": "SK Warne",
              "non_striker": "SK Raina",
              "runs": {
                "batter": 0,
                "extras": 0,
                "total": 0
              }
            },
            {
              "batter": "JA Morkel",
              "bowler": "SK Warne",
              "non_striker": "SK Raina",
              "runs": {
                "batter": 1,
                "extras": 0,
                "total": 1
              }
            },
            {
              "batter": "SK Raina",
              "bowler": "SK Warne",
              "non_striker": "JA Morkel",
              "runs": {
                "batter": 0,
                "extras": 0,
                "total": 0
              }
            },
            {
              "batter": "SK Raina",
              "bowler": "SK Warne",
              "non_striker": "JA Morkel",
              "runs": {
                "batter": 1,
                "extras": 0,
                "total": 1
              }
            },
            {
              "batter": "JA Morkel",
              "bowler": "SK Warne",
              "non_striker": "SK Raina",
              "runs": {
                "batter": 4,
                "extras": 0,
                "total": 4
              }
            }
          ]
        },
        {
          "over": 10,
          "deliveries": [
            {
              "batter": "SK Raina",
              "bowler": "YK Pathan",
              "non_striker": "JA Morkel",
              "runs": {
                "batter": 0,
                "extras": 0,
                "total": 0
              }
            },
            {
              "batter": "SK Raina",
              "bowler": "YK Pathan",
              "non_striker": "JA Morkel",
              "runs": {
                "batter": 1,
                "extras": 0,
                "total": 1
              }
            },
            {
              "batter": "JA Morkel",
              "bowler": "YK Pathan",
              "non_striker": "SK Raina",
              "runs": {
                "batter": 0,
                "extras": 0,
                "total": 0
              }
            },
            {
              "batter": "JA Morkel",
              "bowler": "YK Pathan",
              "non_striker": "SK Raina",
              "runs": {
                "batter": 0,
                "extras": 0,
                "total": 0
              }
            },
            {
              "batter": "JA Morkel",
              "bowler": "YK Pathan",
              "non_striker": "SK Raina",
              "runs": {
                "batter": 0,
                "extras": 0,
                "total": 0
              }
            },
            {
              "batter": "JA Morkel",
              "bowler": "YK Pathan",
              "non_striker": "SK Raina",
              "runs": {
                "batter": 0,
                "extras": 0,
                "total": 0
              }
            }
          ]
        },
        {
          "over": 11,
          "deliveries": [
            {
              "batter": "SK Raina",
              "bowler": "SK Warne",
              "non_striker": "JA Morkel",
              "runs": {
                "batter": 1,
                "extras": 0,
                "total": 1
              }
            },
            {
              "batter": "JA Morkel",
              "bowler": "SK Warne",
              "non_striker": "SK Raina",
              "runs": {
                "batter": 4,
                "extras": 0,
                "total": 4
              }
            },
            {
              "batter": "JA Morkel",
              "bowler": "SK Warne",
              "non_striker": "SK Raina",
              "runs": {
                "batter": 0,
                "extras": 0,
                "total": 0
              }
            },
            {
              "batter": "JA Morkel",
              "bowler": "SK Warne",
              "non_striker": "SK Raina",
              "runs": {
                "batter": 6,
                "extras": 0,
                "total": 6
              }
            },
            {
              "batter": "JA Morkel",
              "bowler": "SK Warne",
              "non_striker": "SK Raina",
              "runs": {
                "batter": 4,
                "extras": 0,
                "total": 4
              }
            },
            {
              "batter": "JA Morkel",
              "bowler": "SK Warne",
              "non_striker": "SK Raina",
              "runs": {
                "batter": 2,
                "extras": 0,
                "total": 2
              }
            }
          ]
        },
        {
          "over": 12,
          "deliveries": [
            {
              "batter": "SK Raina",
              "bowler": "YK Pathan",
              "non_striker": "JA Morkel",
              "runs": {
                "batter": 1,
                "extras": 0,
                "total": 1
              }
            },
            {
              "batter": "JA Morkel",
              "bowler": "YK Pathan",
              "non_striker": "SK Raina",
              "runs": {
                "batter": 4,
                "extras": 0,
                "total": 4
              }
            },
            {
              "batter": "JA Morkel",
              "bowler": "YK Pathan",
              "non_striker": "SK Raina",
              "runs": {
                "batter": 1,
                "extras": 0,
                "total": 1
              }
            },
            {
              "batter": "SK Raina",
              "bowler": "YK Pathan",
              "non_striker": "JA Morkel",
              "runs": {
                "batter": 1,
                "extras": 0,
                "total": 1
              }
            },
            {
              "batter": "JA Morkel",
              "bowler": "YK Pathan",
              "non_striker": "SK Raina",
              "runs": {
                "batter": 1,
                "extras": 0,
                "total": 1
              }
            },
            {
              "batter": "SK Raina",
              "bowler": "YK Pathan",
              "non_striker": "JA Morkel",
              "runs": {
                "batter": 0,
                "extras": 0,
                "total": 0
              }
            }
          ]
        },
        {
          "over": 13,
          "deliveries": [
            {
              "batter": "JA Morkel",
              "bowler": "SK Trivedi",
              "non_striker": "SK Raina",
              "runs": {
                "batter": 0,
                "extras": 0,
                "total": 0
              }
            },
            {
              "batter": "JA Morkel",
              "bowler": "SK Trivedi",
              "non_striker": "SK Raina",
              "runs": {
                "batter": 0,
                "extras": 0,
                "total": 0
              }
            },
            {
              "batter": "JA Morkel",
              "bowler": "SK Trivedi",
              "non_striker": "SK Raina",
              "runs": {
                "batter": 1,
                "extras": 0,
                "total": 1
              }
            },
            {
              "batter": "SK Raina",
              "bowler": "SK Trivedi",
              "non_striker": "JA Morkel",
              "runs": {
                "batter": 1,
                "extras": 0,
                "total": 1
              }
            },
            {
              "batter": "JA Morkel",
              "bowler": "SK Trivedi",
              "non_striker": "SK Raina",
              "runs": {
                "batter": 0,
                "extras": 0,
                "total": 0
              }
            },
            {
              "batter": "JA Morkel",
              "bowler": "SK Trivedi",
              "non_striker": "SK Raina",
              "runs": {
                "batter": 1,
                "extras": 0,
                "total": 1
              }
            }
          ]
        },
        {
          "over": 14,
          "deliveries": [
            {
              "batter": "JA Morkel",
              "bowler": "MM Patel",
              "non_striker": "SK Raina",
              "runs": {
                "batter": 1,
                "extras": 0,
                "total": 1
              }
            },
            {
              "batter": "SK Raina",
              "bowler": "MM Patel",
              "non_striker": "JA Morkel",
              "runs": {
                "batter": 0,
                "extras": 0,
                "total": 0
              },
              "wickets": [
                {
                  "kind": "caught",
                  "player_out": "SK Raina",
                  "fielders": [
                    {
                      "name": "Sohail Tanvir"
                    }
                  ]
                }
              ]
            },
            {
              "batter": "JA Morkel",
              "bowler": "MM Patel",
              "non_striker": "Joginder Sharma",
              "runs": {
                "batter": 2,
                "extras": 0,
                "total": 2
              }
            },
            {
              "batter": "JA Morkel",
              "bowler": "MM Patel",
              "non_striker": "Joginder Sharma",
              "runs": {
                "batter": 1,
                "extras": 0,
                "total": 1
              }
            },
            {
              "batter": "Joginder Sharma",
              "bowler": "MM Patel",
              "non_striker": "JA Morkel",
              "runs": {
                "batter": 0,
                "extras": 0,
                "total": 0
              },
              "wickets": [
                {
                  "kind": "caught",
                  "player_out": "Joginder Sharma",
                  "fielders": [
                    {
                      "name": "Sohail Tanvir"
                    }
                  ]
                }
              ]
            },
            {
              "batter": "MS Gony",
              "bowler": "MM Patel",
              "non_striker": "JA Morkel",
              "runs": {
                "batter": 0,
                "extras": 0,
                "total": 0
              }
            }
          ]
        },
        {
          "over": 15,
          "deliveries": [
            {
              "batter": "JA Morkel",
              "bowler": "SR Watson",
              "non_striker": "MS Gony",
              "runs": {
                "batter": 2,
                "extras": 0,
                "total": 2
              }
            },
            {
              "batter": "JA Morkel",
              "bowler": "SR Watson",
              "non_striker": "MS Gony",
              "runs": {
                "batter": 2,
                "extras": 0,
                "total": 2
              }
            },
            {
              "batter": "JA Morkel",
              "bowler": "SR Watson",
              "non_striker": "MS Gony",
              "runs": {
                "batter": 0,
                "extras": 0,
                "total": 0
              }
            },
            {
              "batter": "JA Morkel",
              "bowler": "SR Watson",
              "non_striker": "MS Gony",
              "runs": {
                "batter": 0,
                "extras": 0,
                "total": 0
              }
            },
            {
              "batter": "JA Morkel",
              "bowler": "SR Watson",
              "non_striker": "MS Gony",
              "runs": {
                "batter": 1,
                "extras": 0,
                "total": 1
              }
            },
            {
              "batter": "MS Gony",
              "bowler": "SR Watson",
              "non_striker": "JA Morkel",
              "runs": {
                "batter": 0,
                "extras": 0,
                "total": 0
              }
            }
          ]
        },
        {
          "over": 16,
          "deliveries": [
            {
              "batter": "JA Morkel",
              "bowler": "Sohail Tanvir",
              "non_striker": "MS Gony",
              "runs": {
                "batter": 0,
                "extras": 0,
                "total": 0
              },
              "wickets": [
                {
                  "kind": "bowled",
                  "player_out": "JA Morkel"
                }
              ]
            },
            {
              "batter": "M Muralitharan",
              "bowler": "Sohail Tanvir",
              "non_striker": "MS Gony",
              "runs": {
                "batter": 0,
                "extras": 0,
                "total": 0
              }
            },
            {
              "batter": "M Muralitharan",
              "bowler": "Sohail Tanvir",
              "non_striker": "MS Gony",
              "runs": {
                "batter": 0,
                "extras": 0,
                "total": 0
              }
            },
            {
              "batter": "M Muralitharan",
              "bowler": "Sohail Tanvir",
              "non_striker": "MS Gony",
              "runs": {
                "batter": 0,
                "extras": 0,
                "total": 0
              },
              "wickets": [
                {
                  "kind": "bowled",
                  "player_out": "M Muralitharan"
                }
              ]
            },
            {
              "batter": "M Ntini",
              "bowler": "Sohail Tanvir",
              "non_striker": "MS Gony",
              "runs": {
                "batter": 0,
                "extras": 0,
                "total": 0
              }
            },
            {
              "batter": "M Ntini",
              "bowler": "Sohail Tanvir",
              "non_striker": "MS Gony",
              "runs": {
                "batter": 1,
                "extras": 0,
                "total": 1
              }
            }
          ]
        },
        {
          "over": 17,
          "deliveries": [
            {
              "batter": "M Ntini",
              "bowler": "SR Watson",
              "non_striker": "MS Gony",
              "runs": {
                "batter": 0,
                "extras": 0,
                "total": 0
              }
            },
            {
              "batter": "M Ntini",
              "bowler": "SR Watson",
              "non_striker": "MS Gony",
              "runs": {
                "batter": 0,
                "extras": 0,
                "total": 0
              }
            },
            {
              "batter": "M Ntini",
              "bowler": "SR Watson",
              "extras": {
                "wides": 1
              },
              "non_striker": "MS Gony",
              "runs": {
                "batter": 0,
                "extras": 1,
                "total": 1
              }
            },
            {
              "batter": "M Ntini",
              "bowler": "SR Watson",
              "non_striker": "MS Gony",
              "runs": {
                "batter": 0,
                "extras": 0,
                "total": 0
              }
            },
            {
              "batter": "M Ntini",
              "bowler": "SR Watson",
              "non_striker": "MS Gony",
              "runs": {
                "batter": 0,
                "extras": 0,
                "total": 0
              }
            },
            {
              "batter": "M Ntini",
              "bowler": "SR Watson",
              "non_striker": "MS Gony",
              "runs": {
                "batter": 0,
                "extras": 0,
                "total": 0
              }
            },
            {
              "batter": "M Ntini",
              "bowler": "SR Watson",
              "non_striker": "MS Gony",
              "runs": {
                "batter": 0,
                "extras": 0,
                "total": 0
              }
            }
          ]
        },
        {
          "over": 18,
          "deliveries": [
            {
              "batter": "MS Gony",
              "bowler": "Sohail Tanvir",
              "non_striker": "M Ntini",
              "runs": {
                "batter": 0,
                "extras": 0,
                "total": 0
              }
            },
            {
              "batter": "MS Gony",
              "bowler": "Sohail Tanvir",
              "non_striker": "M Ntini",
              "runs": {
                "batter": 1,
                "extras": 0,
                "total": 1
              }
            },
            {
              "batter": "M Ntini",
              "bowler": "Sohail Tanvir",
              "non_striker": "MS Gony",
              "runs": {
                "batter": 4,
                "extras": 0,
                "total": 4
              }
            },
            {
              "batter": "M Ntini",
              "bowler": "Sohail Tanvir",
              "non_striker": "MS Gony",
              "runs": {
                "batter": 4,
                "extras": 0,
                "total": 4
              }
            },
            {
              "batter": "M Ntini",
              "bowler": "Sohail Tanvir",
              "non_striker": "MS Gony",
              "runs": {
                "batter": 2,
                "extras": 0,
                "total": 2
              }
            },
            {
              "batter": "M Ntini",
              "bowler": "Sohail Tanvir",
              "non_striker": "MS Gony",
              "runs": {
                "batter": 0,
                "extras": 0,
                "total": 0
              },
              "wickets": [
                {
                  "kind": "bowled",
                  "player_out": "M Ntini"
                }
              ]
            }
          ]
        }
      ],
      "powerplays": [
        {
          "from": 0.1,
          "to": 5.6,
          "type": "mandatory"
        }
      ]
    },
    {
      "team": "Rajasthan Royals",
      "overs": [
        {
          "over": 0,
          "deliveries": [
            {
              "batter": "GC Smith",
              "bowler": "M Ntini",
              "non_striker": "SA Asnodkar",
              "runs": {
                "batter": 0,
                "extras": 0,
                "total": 0
              }
            },
            {
              "batter": "GC Smith",
              "bowler": "M Ntini",
              "non_striker": "SA Asnodkar",
              "runs": {
                "batter": 0,
                "extras": 0,
                "total": 0
              }
            },
            {
              "batter": "GC Smith",
              "bowler": "M Ntini",
              "non_striker": "SA Asnodkar",
              "runs": {
                "batter": 0,
                "extras": 0,
                "total": 0
              }
            },
            {
              "batter": "GC Smith",
              "bowler": "M Ntini",
              "non_striker": "SA Asnodkar",
              "runs": {
                "batter": 0,
                "extras": 0,
                "total": 0
              }
            },
            {
              "batter": "GC Smith",
              "bowler": "M Ntini",
              "non_striker": "SA Asnodkar",
              "runs": {
                "batter": 0,
                "extras": 0,
                "total": 0
              }
            },
            {
              "batter": "GC Smith",
              "bowler": "M Ntini",
              "non_striker": "SA Asnodkar",
              "runs": {
                "batter": 0,
                "extras": 0,
                "total": 0
              }
            }
          ]
        },
        {
          "over": 1,
          "deliveries": [
            {
              "batter": "SA Asnodkar",
              "bowler": "MS Gony",
              "non_striker": "GC Smith",
              "runs": {
                "batter": 4,
                "extras": 0,
                "total": 4
              }
            },
            {
              "batter": "SA Asnodkar",
              "bowler": "MS Gony",
              "non_striker": "GC Smith",
              "runs": {
                "batter": 0,
                "extras": 0,
                "total": 0
              }
            },
            {
              "batter": "SA Asnodkar",
              "bowler": "MS Gony",
              "non_striker": "GC Smith",
              "runs": {
                "batter": 0,
                "extras": 0,
                "total": 0
              }
            },
            {
              "batter": "SA Asnodkar",
              "bowler": "MS Gony",
              "non_striker": "GC Smith",
              "runs": {
                "batter": 0,
                "extras": 0,
                "total": 0
              }
            },
            {
              "batter": "SA Asnodkar",
              "bowler": "MS Gony",
              "non_striker": "GC Smith",
              "runs": {
                "batter": 1,
                "extras": 0,
                "total": 1
              }
            },
            {
              "batter": "GC Smith",
              "bowler": "MS Gony",
              "non_striker": "SA Asnodkar",
              "runs": {
                "batter": 1,
                "extras": 0,
                "total": 1
              }
            }
          ]
        },
        {
          "over": 2,
          "deliveries": [
            {
              "batter": "GC Smith",
              "bowler": "M Ntini",
              "non_striker": "SA Asnodkar",
              "runs": {
                "batter": 1,
                "extras": 0,
                "total": 1
              }
            },
            {
              "batter": "SA Asnodkar",
              "bowler": "M Ntini",
              "extras": {
                "legbyes": 1
              },
              "non_striker": "GC Smith",
              "runs": {
                "batter": 0,
                "extras": 1,
                "total": 1
              }
            },
            {
              "batter": "GC Smith",
              "bowler": "M Ntini",
              "non_striker": "SA Asnodkar",
              "runs": {
                "batter": 4,
                "extras": 0,
                "total": 4
              }
            },
            {
              "batter": "GC Smith",
              "bowler": "M Ntini",
              "non_striker": "SA Asnodkar",
              "runs": {
                "batter": 0,
                "extras": 0,
                "total": 0
              }
            },
            {
              "batter": "GC Smith",
              "bowler": "M Ntini",
              "non_striker": "SA Asnodkar",
              "runs": {
                "batter": 1,
                "extras": 0,
                "total": 1
              }
            },
            {
              "batter": "SA Asnodkar",
              "bowler": "M Ntini",
              "non_striker": "GC Smith",
              "runs": {
                "batter": 1,
                "extras": 0,
                "total": 1
              }
            }
          ]
        },
        {
          "over": 3,
          "deliveries": [
            {
              "batter": "SA Asnodkar",
              "bowler": "MS Gony",
              "non_striker": "GC Smith",
              "runs": {
                "batter": 0,
                "extras": 0,
                "total": 0
              }
            },
            {
              "batter": "SA Asnodkar",
              "bowler": "MS Gony",
              "extras": {
                "legbyes": 1
              },
              "non_striker": "GC Smith",
              "runs": {
                "batter": 0,
                "extras": 1,
                "total": 1
              }
            },
            {
              "batter": "GC Smith",
              "bowler": "MS Gony",
              "non_striker": "SA Asnodkar",
              "runs": {
                "batter": 1,
                "extras": 0,
                "total": 1
              }
            },
            {
              "batter": "SA Asnodkar",
              "bowler": "MS Gony",
              "non_striker": "GC Smith",
              "runs": {
                "batter": 0,
                "extras": 0,
                "total": 0
              }
            },
            {
              "batter": "SA Asnodkar",
              "bowler": "MS Gony",
              "non_striker": "GC Smith",
              "runs": {
                "batter": 4,
                "extras": 0,
                "total": 4
              }
            },
            {
              "batter": "SA Asnodkar",
              "bowler": "MS Gony",
              "non_striker": "GC Smith",
              "runs": {
                "batter": 4,
                "extras": 0,
                "total": 4
              }
            }
          ]
        },
        {
          "over": 4,
          "deliveries": [
            {
              "batter": "GC Smith",
              "bowler": "M Ntini",
              "non_striker": "SA Asnodkar",
              "runs": {
                "batter": 1,
                "extras": 0,
                "total": 1
              }
            },
            {
              "batter": "SA Asnodkar",
              "bowler": "M Ntini",
              "non_striker": "GC Smith",
              "runs": {
                "batter": 1,
                "extras": 0,
                "total": 1
              }
            },
            {
              "batter": "GC Smith",
              "bowler": "M Ntini",
              "non_striker": "SA Asnodkar",
              "runs": {
                "batter": 0,
                "extras": 0,
                "total": 0
              }
            },
            {
              "batter": "GC Smith",
              "bowler": "M Ntini",
              "non_striker": "SA Asnodkar",
              "runs": {
                "batter": 0,
                "extras": 0,
                "total": 0
              }
            },
            {
              "batter": "GC Smith",
              "bowler": "M Ntini",
              "non_striker": "SA Asnodkar",
              "runs": {
                "batter": 4,
                "extras": 0,
                "total": 4
              }
            },
            {
              "batter": "GC Smith",
              "bowler": "M Ntini",
              "non_striker": "SA Asnodkar",
              "runs": {
                "batter": 4,
                "extras": 0,
                "total": 4
              }
            }
          ]
        },
        {
          "over": 5,
          "deliveries": [
            {
              "batter": "SA Asnodkar",
              "bowler": "MS Gony",
              "non_striker": "GC Smith",
              "runs": {
                "batter": 4,
                "extras": 0,
                "total": 4
              }
            },
            {
              "batter": "SA Asnodkar",
              "bowler": "MS Gony",
              "non_striker": "GC Smith",
              "runs": {
                "batter": 1,
                "extras": 0,
                "total": 1
              }
            },
            {
              "batter": "GC Smith",
              "bowler": "MS Gony",
              "non_striker": "SA Asnodkar",
              "runs": {
                "batter": 0,
                "extras": 0,
                "total": 0
              }
            },
            {
              "batter": "GC Smith",
              "bowler": "MS Gony",
              "non_striker": "SA Asnodkar",
              "runs": {
                "batter": 4,
                "extras": 0,
                "total": 4
              }
            },
            {
              "batter": "GC Smith",
              "bowler": "MS Gony",
              "non_striker": "SA Asnodkar",
              "runs": {
                "batter": 0,
                "extras": 0,
                "total": 0
              }
            },
            {
              "batter": "GC Smith",
              "bowler": "MS Gony",
              "non_striker": "SA Asnodkar",
              "runs": {
                "batter": 1,
                "extras": 0,
                "total": 1
              }
            }
          ]
        },
        {
          "over": 6,
          "deliveries": [
            {
              "batter": "GC Smith",
              "bowler": "JA Morkel",
              "non_striker": "SA Asnodkar",
              "runs": {
                "batter": 0,
                "extras": 0,
                "total": 0
              }
            },
            {
              "batter": "GC Smith",
              "bowler": "JA Morkel",
              "non_striker": "SA Asnodkar",
              "runs": {
                "batter": 1,
                "extras": 0,
                "total": 1
              }
            },
            {
              "batter": "SA Asnodkar",
              "bowler": "JA Morkel",
              "extras": {
                "wides": 1
              },
              "non_striker": "GC Smith",
              "runs": {
                "batter": 0,
                "extras": 1,
                "total": 1
              }
            },
            {
              "batter": "SA Asnodkar",
              "bowler": "JA Morkel",
              "non_striker": "GC Smith",
              "runs": {
                "batter": 0,
                "extras": 0,
                "total": 0
              }
            },
            {
              "batter": "SA Asnodkar",
              "bowler": "JA Morkel",
              "extras": {
                "noballs": 1
              },
              "non_striker": "GC Smith",
              "runs": {
                "batter": 0,
                "extras": 1,
                "total": 1
              }
            },
            {
              "batter": "SA Asnodkar",
              "bowler": "JA Morkel",
              "non_striker": "GC Smith",
              "runs": {
                "batter": 1,
                "extras": 0,
                "total": 1
              }
            },
            {
              "batter": "GC Smith",
              "bowler": "JA Morkel",
              "extras": {
                "wides": 5
              },
              "non_striker": "SA Asnodkar",
              "runs": {
                "batter": 0,
                "extras": 5,
                "total": 5
              }
            },
            {
              "batter": "GC Smith",
              "bowler": "JA Morkel",
              "extras": {
                "wides": 1
              },
              "non_striker": "SA Asnodkar",
              "runs": {
                "batter": 0,
                "extras": 1,
                "total": 1
              }
            },
            {
              "batter": "GC Smith",
              "bowler": "JA Morkel",
              "non_striker": "SA Asnodkar",
              "runs": {
                "batter": 0,
                "extras": 0,
                "total": 0
              }
            },
            {
              "batter": "GC Smith",
              "bowler": "JA Morkel",
              "extras": {
                "legbyes": 4
              },
              "non_striker": "SA Asnodkar",
              "runs": {
                "batter": 0,
                "extras": 4,
                "total": 4
              }
            }
          ]
        },
        {
          "over": 7,
          "deliveries": [
            {
              "batter": "SA Asnodkar",
              "bowler": "M Muralitharan",
              "non_striker": "GC Smith",
              "runs": {
                "batter": 0,
                "extras": 0,
                "total": 0
              }
            },
            {
              "batter": "SA Asnodkar",
              "bowler": "M Muralitharan",
              "non_striker": "GC Smith",
              "runs": {
                "batter": 1,
                "extras": 0,
                "total": 1
              }
            },
            {
              "batter": "GC Smith",
              "bowler": "M Muralitharan",
              "non_striker": "SA Asnodkar",
              "runs": {
                "batter": 1,
                "extras": 0,
                "total": 1
              }
            },
            {
              "batter": "SA Asnodkar",
              "bowler": "M Muralitharan",
              "non_striker": "GC Smith",
              "runs": {
                "batter": 1,
                "extras": 0,
                "total": 1
              }
            },
            {
              "batter": "GC Smith",
              "bowler": "M Muralitharan",
              "extras": {
                "wides": 5
              },
              "non_striker": "SA Asnodkar",
              "runs": {
                "batter": 0,
                "extras": 5,
                "total": 5
              }
            },
            {
              "batter": "GC Smith",
              "bowler": "M Muralitharan",
              "non_striker": "SA Asnodkar",
              "runs": {
                "batter": 0,
                "extras": 0,
                "total": 0
              }
            },
            {
              "batter": "GC Smith",
              "bowler": "M Muralitharan",
              "non_striker": "SA Asnodkar",
              "runs": {
                "batter": 0,
                "extras": 0,
                "total": 0
              }
            }
          ]
        },
        {
          "over": 8,
          "deliveries": [
            {
              "batter": "SA Asnodkar",
              "bowler": "SK Raina",
              "non_striker": "GC Smith",
              "runs": {
                "batter": 1,
                "extras": 0,
                "total": 1
              }
            },
            {
              "batter": "GC Smith",
              "bowler": "SK Raina",
              "non_striker": "SA Asnodkar",
              "runs": {
                "batter": 1,
                "extras": 0,
                "total": 1
              }
            },
            {
              "batter": "SA Asnodkar",
              "bowler": "SK Raina",
              "non_striker": "GC Smith",
              "runs": {
                "batter": 1,
                "extras": 0,
                "total": 1
              }
            },
            {
              "batter": "GC Smith",
              "bowler": "SK Raina",
              "non_striker": "SA Asnodkar",
              "runs": {
                "batter": 0,
                "extras": 0,
                "total": 0
              }
            },
            {
              "batter": "GC Smith",
              "bowler": "SK Raina",
              "non_striker": "SA Asnodkar",
              "runs": {
                "batter": 1,
                "extras": 0,
                "total": 1
              }
            },
            {
              "batter": "SA Asnodkar",
              "bowler": "SK Raina",
              "non_striker": "GC Smith",
              "runs": {
                "batter": 4,
                "extras": 0,
                "total": 4
              }
            }
          ]
        },
        {
          "over": 9,
          "deliveries": [
            {
              "batter": "GC Smith",
              "bowler": "M Muralitharan",
              "non_striker": "SA Asnodkar",
              "runs": {
                "batter": 1,
                "extras": 0,
                "total": 1
              }
            },
            {
              "batter": "SA Asnodkar",
              "bowler": "M Muralitharan",
              "non_striker": "GC Smith",
              "runs": {
                "batter": 0,
                "extras": 0,
                "total": 0
              }
            },
            {
              "batter": "SA Asnodkar",
              "bowler": "M Muralitharan",
              "non_striker": "GC Smith",
              "runs": {
                "batter": 0,
                "extras": 0,
                "total": 0
              }
            },
            {
              "batter": "SA Asnodkar",
              "bowler": "M Muralitharan",
              "non_striker": "GC Smith",
              "runs": {
                "batter": 2,
                "extras": 0,
                "total": 2
              }
            },
            {
              "batter": "SA Asnodkar",
              "bowler": "M Muralitharan",
              "non_striker": "GC Smith",
              "runs": {
                "batter": 0,
                "extras": 0,
                "total": 0
              }
            },
            {
              "batter": "SA Asnodkar",
              "bowler": "M Muralitharan",
              "non_striker": "GC Smith",
              "runs": {
                "batter": 1,
                "extras": 0,
                "total": 1
              }
            }
          ]
        },
        {
          "over": 10,
          "deliveries": [
            {
              "batter": "SA Asnodkar",
              "bowler": "S Vidyut",
              "non_striker": "GC Smith",
              "runs": {
                "batter": 0,
                "extras": 0,
                "total": 0
              },
              "wickets": [
                {
                  "kind": "caught",
                  "player_out": "SA Asnodkar",
                  "fielders": [
                    {
                      "name": "M Ntini"
                    }
                  ]
                }
              ]
            },
            {
              "batter": "GC Smith",
              "bowler": "S Vidyut",
              "non_striker": "YK Pathan",
              "runs": {
                "batter": 0,
                "extras": 0,
                "total": 0
              }
            },
            {
              "batter": "GC Smith",
              "bowler": "S Vidyut",
              "non_striker": "YK Pathan",
              "runs": {
                "batter": 1,
                "extras": 0,
                "total": 1
              }
            },
            {
              "batter": "YK Pathan",
              "bowler": "S Vidyut",
              "non_striker": "GC Smith",
              "runs": {
                "batter": 0,
                "extras": 0,
                "total": 0
              }
            },
            {
              "batter": "YK Pathan",
              "bowler": "S Vidyut",
              "non_striker": "GC Smith",
              "runs": {
                "batter": 6,
                "extras": 0,
                "total": 6
              }
            },
            {
              "batter": "YK Pathan",
              "bowler": "S Vidyut",
              "extras": {
                "wides": 1
              },
              "non_striker": "GC Smith",
              "runs": {
                "batter": 0,
                "extras": 1,
                "total": 1
              }
            },
            {
              "batter": "YK Pathan",
              "bowler": "S Vidyut",
              "non_striker": "GC Smith",
              "runs": {
                "batter": 2,
                "extras": 0,
                "total": 2
              }
            }
          ]
        },
        {
          "over": 11,
          "deliveries": [
            {
              "batter": "GC Smith",
              "bowler": "M Muralitharan",
              "non_striker": "YK Pathan",
              "runs": {
                "batter": 2,
                "extras": 0,
                "total": 2
              }
            },
            {
              "batter": "GC Smith",
              "bowler": "M Muralitharan",
              "non_striker": "YK Pathan",
              "runs": {
                "batter": 0,
                "extras": 0,
                "total": 0
              }
            },
            {
              "batter": "GC Smith",
              "bowler": "M Muralitharan",
              "non_striker": "YK Pathan",
              "runs": {
                "batter": 0,
                "extras": 0,
                "total": 0
              }
            },
            {
              "batter": "GC Smith",
              "bowler": "M Muralitharan",
              "extras": {
                "wides": 1
              },
              "non_striker": "YK Pathan",
              "runs": {
                "batter": 0,
                "extras": 1,
                "total": 1
              }
            },
            {
              "batter": "GC Smith",
              "bowler": "M Muralitharan",
              "non_striker": "YK Pathan",
              "runs": {
                "batter": 1,
                "extras": 0,
                "total": 1
              }
            },
            {
              "batter": "YK Pathan",
              "bowler": "M Muralitharan",
              "non_striker": "GC Smith",
              "runs": {
                "batter": 0,
                "extras": 0,
                "total": 0
              }
            },
            {
              "batter": "YK Pathan",
              "bowler": "M Muralitharan",
              "non_striker": "GC Smith",
              "runs": {
                "batter": 0,
                "extras": 0,
                "total": 0
              },
              "wickets": [
                {
                  "kind": "caught",
                  "player_out": "YK Pathan",
                  "fielders": [
                    {
                      "name": "SK Raina"
                    }
                  ]
                }
              ]
            }
          ]
        },
        {
          "over": 12,
          "deliveries": [
            {
              "batter": "GC Smith",
              "bowler": "S Vidyut",
              "non_striker": "SR Watson",
              "runs": {
                "batter": 1,
                "extras": 0,
                "total": 1
              }
            },
            {
              "batter": "SR Watson",
              "bowler": "S Vidyut",
              "non_striker": "GC Smith",
              "runs": {
                "batter": 0,
                "extras": 0,
                "total": 0
              }
            },
            {
              "batter": "SR Watson",
              "bowler": "S Vidyut",
              "non_striker": "GC Smith",
              "runs": {
                "batter": 0,
                "extras": 0,
                "total": 0
              }
            },
            {
              "batter": "SR Watson",
              "bowler": "S Vidyut",
              "non_striker": "GC Smith",
              "runs": {
                "batter": 6,
                "extras": 0,
                "total": 6
              }
            },
            {
              "batter": "SR Watson",
              "bowler": "S Vidyut",
              "non_striker": "GC Smith",
              "runs": {
                "batter": 4,
                "extras": 0,
                "total": 4
              }
            },
            {
              "batter": "SR Watson",
              "bowler": "S Vidyut",
              "non_striker": "GC Smith",
              "runs": {
                "batter": 1,
                "extras": 0,
                "total": 1
              }
            }
          ]
        },
        {
          "over": 13,
          "deliveries": [
            {
              "batter": "SR Watson",
              "bowler": "M Muralitharan",
              "non_striker": "GC Smith",
              "runs": {
                "batter": 2,
                "extras": 0,
                "total": 2
              }
            },
            {
              "batter": "SR Watson",
              "bowler": "M Muralitharan",
              "non_striker": "GC Smith",
              "runs": {
                "batter": 1,
                "extras": 0,
                "total": 1
              }
            },
            {
              "batter": "GC Smith",
              "bowler": "M Muralitharan",
              "non_striker": "SR Watson",
              "runs": {
                "batter": 0,
                "extras": 0,
                "total": 0
              }
            },
            {
              "batter": "GC Smith",
              "bowler": "M Muralitharan",
              "non_striker": "SR Watson",
              "runs": {
                "batter": 0,
                "extras": 0,
                "total": 0
              }
            },
            {
              "batter": "GC Smith",
              "bowler": "M Muralitharan",
              "non_striker": "SR Watson",
              "runs": {
                "batter": 1,
                "extras": 0,
                "total": 1
              }
            },
            {
              "batter": "SR Watson",
              "bowler": "M Muralitharan",
              "non_striker": "GC Smith",
              "runs": {
                "batter": 0,
                "extras": 0,
                "total": 0
              }
            }
          ]
        },
        {
          "over": 14,
          "deliveries": [
            {
              "batter": "GC Smith",
              "bowler": "SK Raina",
              "non_striker": "SR Watson",
              "runs": {
                "batter": 0,
                "extras": 0,
                "total": 0
              }
            },
            {
              "batter": "GC Smith",
              "bowler": "SK Raina",
              "non_striker": "SR Watson",
              "runs": {
                "batter": 2,
                "extras": 0,
                "total": 2
              }
            }
          ]
        }
      ],
      "powerplays": [
        {
          "from": 0.1,
          "to": 5.6,
          "type": "mandatory"
        }
      ],
      "target": {
        "overs": 20,
        "runs": 110
      }
    }
  ]
}