{
  "meta": {
    "data_version": "1.0.0",
    "created": "2011-05-01",
    "revision": 3
  },
  "info": {
    "balls_per_over": 6,
    "city": "Cape Town",
    "dates": [
      "2009-04-19"
    ],
    "event": {
      "match_number": 3,
      "name": "Indian Premier League"
    },
    "gender": "male",
    "match_type": "T20",
    "officials": {
      "match_referees": [
        "Yashpal Sharma"
      ],
      "reserve_umpires": [
        "MW Brown"
      ],
      "tv_umpires": [
        "AL Hill"
      ],
      "umpires": [
        "MR Benson",
        "SD Ranade"
      ]
    },
    "outcome": {
      "by": {
        "wickets": 10
      },
      "method": "D/L",
      "winner": "Delhi Daredevils"
    },
    "overs": 20,
    "player_of_match": [
      "DL Vettori"
    ],
    "players": {
      "Delhi Daredevils": [
        "G Gambhir",
        "V Sehwag",
        "TM Dilshan",
        "AB de Villiers",
        "MK Tiwary",
        "KD Karthik",
        "DP Nannes",
        "DL Vettori",
        "VY Mahesh",
        "AM Salvi",
        "PJ Sangwan"
      ],
      "Kings XI Punjab": [
        "RS Bopara",
        "K Goel",
        "Yuvraj Singh",
        "KC Sangakkara",
        "DPMD Jayawardene",
        "IK Pathan",
        "PP Chawla",
        "T Kohli",
        "VS Malik",
        "VRV Singh",
        "YA Abdulla"
      ]
    },
    "registry": {
      "people": {
        "AB de Villiers": "c4487b84",
        "AL Hill": "4165ced0",
        "AM Salvi": "260fd380",
        "DL Vettori": "d7c6af50",
        "DP Nannes": "c404f58a",
        "DPMD Jayawardene": "d18f9182",
        "G Gambhir": "bb345e0b",
        "IK Pathan": "5fa06777",
        "K Goel": "a1f1829d",
        "KC Sangakkara": "6b71e6cf",
        "KD Karthik": "c03f1114",
        "MK Tiwary": "26e5cabf",
        "MR Benson": "790e14d3",
        "MW Brown": "d83d7796",
        "PJ Sangwan": "9fc0ef64",
        "PP Chawla": "98ae73b1",
        "RS Bopara": "7ca5e05d",
        "SD Ranade": "369c85c1",
        "T Kohli": "40caa465",
        "TM Dilshan": "5bdcdb72",
        "V Sehwag": "8ba8195d",
        "VRV Singh": "034b4b7d",
        "VS Malik": "5f26df4f",
        "VY Mahesh": "93a17209",
        "YA Abdulla": "4353bba5",
        "Yashpal Sharma": "e22d7ccb",
        "Yuvraj Singh": "1c914163"
      }
    },
    "season": 2009,
    "team_type": "club",
    "teams": [
      "Delhi Daredevils",
      "Kings XI Punjab"
    ],
    "toss": {
      "decision": "field",
      "winner": "Delhi Daredevils"
    },
    "venue": "Newlands"
  },
  "innings": [
    {
      "team": "Kings XI Punjab",
      "overs": [
        {
          "over": 0,
          "deliveries": [
            {
              "batter": "RS Bopara",
              "bowler": "DP Nannes",
              "extras": {
                "wides": 1
              },
              "non_striker": "K Goel",
              "runs": {
                "batter": 0,
                "extras": 1,
                "total": 1
              }
            },
            {
              "batter": "RS Bopara",
              "bowler": "DP Nannes",
              "extras": {
                "legbyes": 1
              },
              "non_striker": "K Goel",
              "runs": {
                "batter": 0,
                "extras": 1,
                "total": 1
              }
            },
            {
              "batter": "K Goel",
              "bowler": "DP Nannes",
              "extras": {
                "wides": 1
              },
              "non_striker": "RS Bopara",
              "runs": {
                "batter": 0,
                "extras": 1,
                "total": 1
              }
            },
            {
              "batter": "K Goel",
              "bowler": "DP Nannes",
              "non_striker": "RS Bopara",
              "runs": {
                "batter": 0,
                "extras": 0,
                "total": 0
              }
            },
            {
              "batter": "K Goel",
              "bowler": "DP Nannes",
              "non_striker": "RS Bopara",
              "runs": {
                "batter": 4,
                "extras": 0,
                "total": 4
              }
            },
            {
              "batter": "K Goel",
              "bowler": "DP Nannes",
              "non_striker": "RS Bopara",
              "runs": {
                "batter": 0,
                "extras": 0,
                "total": 0
              }
            },
            {
              "batter": "K Goel",
              "bowler": "DP Nannes",
              "extras": {
                "legbyes": 1
              },
              "non_striker": "RS Bopara",
              "runs": {
                "batter": 0,
                "extras": 1,
                "total": 1
              }
            },
            {
              "batter": "RS Bopara",
              "bowler": "DP Nannes",
              "non_striker": "K Goel",
              "runs": {
                "batter": 2,
                "extras": 0,
                "total": 2
              }
            }
          ]
        },
        {
          "over": 1,
          "deliveries": [
            {
              "batter": "K Goel",
              "bowler": "AM Salvi",
              "non_striker": "RS Bopara",
              "runs": {
                "batter": 4,
                "extras": 0,
                "total": 4
              }
            },
            {
              "batter": "K Goel",
              "bowler": "AM Salvi",
              "non_striker": "RS Bopara",
              "runs": {
                "batter": 4,
                "extras": 0,
                "total": 4
              }
            },
            {
              "batter": "K Goel",
              "bowler": "AM Salvi",
              "non_striker": "RS Bopara",
              "runs": {
                "batter": 1,
                "extras": 0,
                "total": 1
              }
            },
            {
              "batter": "RS Bopara",
              "bowler": "AM Salvi",
              "non_striker": "K Goel",
              "runs": {
                "batter": 0,
                "extras": 0,
                "total": 0
              }
            },
            {
              "batter": "RS Bopara",
              "bowler": "AM Salvi",
              "non_striker": "K Goel",
              "runs": {
                "batter": 1,
                "extras": 0,
                "total": 1
              }
            },
            {
              "batter": "K Goel",
              "bowler": "AM Salvi",
              "non_striker": "RS Bopara",
              "runs": {
                "batter": 1,
                "extras": 0,
                "total": 1
              }
            }
          ]
        },
        {
          "over": 2,
          "deliveries": [
            {
              "batter": "K Goel",
              "bowler": "PJ Sangwan",
              "extras": {
                "legbyes": 1
              },
              "non_striker": "RS Bopara",
              "runs": {
                "batter": 0,
                "extras": 1,
                "total": 1
              }
            },
            {
              "batter": "RS Bopara",
              "bowler": "PJ Sangwan",
              "non_striker": "K Goel",
              "runs": {
                "batter": 6,
                "extras": 0,
                "total": 6
              }
            },
            {
              "batter": "RS Bopara",
              "bowler": "PJ Sangwan",
              "non_striker": "K Goel",
              "runs": {
                "batter": 0,
                "extras": 0,
                "total": 0
              }
            },
            {
              "batter": "RS Bopara",
              "bowler": "PJ Sangwan",
              "non_striker": "K Goel",
              "runs": {
                "batter": 1,
                "extras": 0,
                "total": 1
              }
            },
            {
              "batter": "K Goel",
              "bowler": "PJ Sangwan",
              "non_striker": "RS Bopara",
              "runs": {
                "batter": 0,
                "extras": 0,
                "total": 0
              }
            },
            {
              "batter": "K Goel",
              "bowler": "PJ Sangwan",
              "non_striker": "RS Bopara",
              "runs": {
                "batter": 2,
                "extras": 0,
                "total": 2
              }
            }
          ]
        },
        {
          "over": 3,
          "deliveries": [
            {
              "batter": "RS Bopara",
              "bowler": "VY Mahesh",
              "non_striker": "K Goel",
              "runs": {
                "batter": 1,
                "extras": 0,
                "total": 1
              }
            },
            {
              "batter": "K Goel",
              "bowler": "VY Mahesh",
              "non_striker": "RS Bopara",
              "runs": {
                "batter": 1,
                "extras": 0,
                "total": 1
              }
            },
            {
              "batter": "RS Bopara",
              "bowler": "VY Mahesh",
              "non_striker": "K Goel",
              "runs": {
                "batter": 1,
                "extras": 0,
                "total": 1
              }
            },
            {
              "batter": "K Goel",
              "bowler": "VY Mahesh",
              "non_striker": "RS Bopara",
              "runs": {
                "batter": 6,
                "extras": 0,
                "total": 6
              }
            },
            {
              "batter": "K Goel",
              "bowler": "VY Mahesh",
              "non_striker": "RS Bopara",
              "runs": {
                "batter": 1,
                "extras": 0,
                "total": 1
              }
            },
            {
              "batter": "RS Bopara",
              "bowler": "VY Mahesh",
              "non_striker": "K Goel",
              "runs": {
                "batter": 0,
                "extras": 0,
                "total": 0
              }
            }
          ]
        },
        {
          "over": 4,
          "deliveries": [
            {
              "batter": "K Goel",
              "bowler": "PJ Sangwan",
              "non_striker": "RS Bopara",
              "runs": {
                "batter": 1,
                "extras": 0,
                "total": 1
              }
            },
            {
              "batter": "RS Bopara",
              "bowler": "PJ Sangwan",
              "non_striker": "K Goel",
              "runs": {
                "batter": 6,
                "extras": 0,
                "total": 6
              }
            },
            {
              "batter": "RS Bopara",
              "bowler": "PJ Sangwan",
              "non_striker": "K Goel",
              "runs": {
                "batter": 2,
                "extras": 0,
                "total": 2
              }
            },
            {
              "batter": "RS Bopara",
              "bowler": "PJ Sangwan",
              "non_striker": "K Goel",
              "runs": {
                "batter": 1,
                "extras": 0,
                "total": 1
              }
            },
            {
              "batter": "K Goel",
              "bowler": "PJ Sangwan",
              "extras": {
                "legbyes": 1
              },
              "non_striker": "RS Bopara",
              "runs": {
                "batter": 0,
                "extras": 1,
                "total": 1
              }
            },
            {
              "batter": "RS Bopara",
              "bowler": "PJ Sangwan",
              "non_striker": "K Goel",
              "runs": {
                "batter": 0,
                "extras": 0,
                "total": 0
              }
            }
          ]
        },
        {
          "over": 5,
          "deliveries": [
            {
              "batter": "K Goel",
              "bowler": "VY Mahesh",
              "non_striker": "RS Bopara",
              "runs": {
                "batter": 6,
                "extras": 0,
                "total": 6
              }
            },
            {
              "batter": "K Goel",
              "bowler": "VY Mahesh",
              "non_striker": "RS Bopara",
              "runs": {
                "batter": 0,
                "extras": 0,
                "total": 0
              }
            },
            {
              "batter": "K Goel",
              "bowler": "VY Mahesh",
              "non_striker": "RS Bopara",
              "runs": {
                "batter": 6,
                "extras": 0,
                "total": 6
              }
            },
            {
              "batter": "K Goel",
              "bowler": "VY Mahesh",
              "non_striker": "RS Bopara",
              "runs": {
                "batter": 1,
                "extras": 0,
                "total": 1
              }
            },
            {
              "batter": "RS Bopara",
              "bowler": "VY Mahesh",
              "extras": {
                "wides": 1
              },
              "non_striker": "K Goel",
              "runs": {
                "batter": 0,
                "extras": 1,
                "total": 1
              }
            },
            {
              "batter": "RS Bopara",
              "bowler": "VY Mahesh",
              "non_striker": "K Goel",
              "runs": {
                "batter": 1,
                "extras": 0,
                "total": 1
              }
            },
            {
              "batter": "K Goel",
              "bowler": "VY Mahesh",
              "non_striker": "RS Bopara",
              "runs": {
                "batter": 0,
                "extras": 0,
                "total": 0
              },
              "wickets": [
                {
                  "kind": "caught",
                  "player_out": "K Goel",
                  "fielders": [
                    {
                      "name": "DL Vettori"
                    }
                  ]
                }
              ]
            }
          ]
        },
        {
          "over": 6,
          "deliveries": [
            {
              "batter": "RS Bopara",
              "bowler": "DL Vettori",
              "non_striker": "Yuvraj Singh",
              "runs": {
                "batter": 0,
                "extras": 0,
                "total": 0
              },
              "wickets": [
                {
                  "kind": "lbw",
                  "player_out": "RS Bopara"
                }
              ]
            },
            {
              "batter": "KC Sangakkara",
              "bowler": "DL Vettori",
              "non_striker": "Yuvraj Singh",
              "runs": {
                "batter": 0,
                "extras": 0,
                "total": 0
              }
            },
            {
              "batter": "KC Sangakkara",
              "bowler": "DL Vettori",
              "non_striker": "Yuvraj Singh",
              "runs": {
                "batter": 0,
                "extras": 0,
                "total": 0
              }
            },
            {
              "batter": "KC Sangakkara",
              "bowler": "DL Vettori",
              "non_striker": "Yuvraj Singh",
              "runs": {
                "batter": 0,
                "extras": 0,
                "total": 0
              }
            },
            {
              "batter": "KC Sangakkara",
              "bowler": "DL Vettori",
              "non_striker": "Yuvraj Singh",
              "runs": {
                "batter": 0,
                "extras": 0,
                "total": 0
              }
            },
            {
              "batter": "KC Sangakkara",
              "bowler": "DL Vettori",
              "non_striker": "Yuvraj Singh",
              "runs": {
                "batter": 1,
                "extras": 0,
                "total": 1
              }
            }
          ]
        },
        {
          "over": 7,
          "deliveries": [
            {
              "batter": "KC Sangakkara",
              "bowler": "DP Nannes",
              "non_striker": "Yuvraj Singh",
              "runs": {
                "batter": 0,
                "extras": 0,
                "total": 0
              }
            },
            {
              "batter": "KC Sangakkara",
              "bowler": "DP Nannes",
              "non_striker": "Yuvraj Singh",
              "runs": {
                "batter": 1,
                "extras": 0,
                "total": 1
              }
            },
            {
              "batter": "Yuvraj Singh",
              "bowler": "DP Nannes",
              "non_striker": "KC Sangakkara",
              "runs": {
                "batter": 0,
                "extras": 0,
                "total": 0
              }
            },
            {
              "batter": "Yuvraj Singh",
              "bowler": "DP Nannes",
              "non_striker": "KC Sangakkara",
              "runs": {
                "batter": 0,
                "extras": 0,
                "total": 0
              }
            },
            {
              "batter": "Yuvraj Singh",
              "bowler": "DP Nannes",
              "non_striker": "KC Sangakkara",
              "runs": {
                "batter": 1,
                "extras": 0,
                "total": 1
              }
            },
            {
              "batter": "KC Sangakkara",
              "bowler": "DP Nannes",
              "non_striker": "Yuvraj Singh",
              "runs": {
                "batter": 1,
                "extras": 0,
                "total": 1
              }
            }
          ]
        },
        {
          "over": 8,
          "deliveries": [
            {
              "batter": "KC Sangakkara",
              "bowler": "DL Vettori",
              "non_striker": "Yuvraj Singh",
              "runs": {
                "batter": 1,
                "extras": 0,
                "total": 1
              }
            },
            {
              "batter": "Yuvraj Singh",
              "bowler": "DL Vettori",
              "non_striker": "KC Sangakkara",
              "runs": {
                "batter": 1,
                "extras": 0,
                "total": 1
              }
            },
            {
              "batter": "KC Sangakkara",
              "bowler": "DL Vettori",
              "non_striker": "Yuvraj Singh",
              "runs": {
                "batter": 4,
                "extras": 0,
                "total": 4
              }
            },
            {
              "batter": "KC Sangakkara",
              "bowler": "DL Vettori",
              "non_striker": "Yuvraj Singh",
              "runs": {
                "batter": 0,
                "extras": 0,
                "total": 0
              },
              "wickets": [
                {
                  "kind": "caught",
                  "player_out": "KC Sangakkara",
                  "fielders": [
                    {
                      "name": "DP Nannes"
                    }
                  ]
                }
              ]
            },
            {
              "batter": "Yuvraj Singh",
              "bowler": "DL Vettori",
              "non_striker": "DPMD Jayawardene",
              "runs": {
                "batter": 1,
                "extras": 0,
                "total": 1
              }
            },
            {
              "batter": "DPMD Jayawardene",
              "bowler": "DL Vettori",
              "non_striker": "Yuvraj Singh",
              "runs": {
                "batter": 0,
                "extras": 0,
                "total": 0
              }
            }
          ]
        },
        {
          "over": 9,
          "deliveries": [
            {
              "batter": "Yuvraj Singh",
              "bowler": "DP Nannes",
              "non_striker": "DPMD Jayawardene",
              "runs": {
                "batter": 1,
                "extras": 0,
                "total": 1
              }
            },
            {
              "batter": "DPMD Jayawardene",
              "bowler": "DP Nannes",
              "non_striker": "Yuvraj Singh",
              "runs": {
                "batter": 4,
                "extras": 0,
                "total": 4
              }
            },
            {
              "batter": "DPMD Jayawardene",
              "bowler": "DP Nannes",
              "non_striker": "Yuvraj Singh",
              "runs": {
                "batter": 1,
                "extras": 0,
                "total": 1
              }
            },
            {
              "batter": "Yuvraj Singh",
              "bowler": "DP Nannes",
              "non_striker": "DPMD Jayawardene",
              "runs": {
                "batter": 0,
                "extras": 0,
                "total": 0
              }
            },
            {
              "batter": "Yuvraj Singh",
              "bowler": "DP Nannes",
              "extras": {
                "wides": 1
              },
              "non_striker": "DPMD Jayawardene",
              "runs": {
                "batter": 0,
                "extras": 1,
                "total": 1
              }
            },
            {
              "batter": "Yuvraj Singh",
              "bowler": "DP Nannes",
              "non_striker": "DPMD Jayawardene",
              "runs": {
                "batter": 0,
                "extras": 0,
                "total": 0
              }
            },
            {
              "batter": "Yuvraj Singh",
              "bowler": "DP Nannes",
              "non_striker": "DPMD Jayawardene",
              "runs": {
                "batter": 6,
                "extras": 0,
                "total": 6
              }
            }
          ]
        },
        {
          "over": 10,
          "deliveries": [
            {
              "batter": "DPMD Jayawardene",
              "bowler": "DL Vettori",
              "non_striker": "Yuvraj Singh",
              "runs": {
                "batter": 1,
                "extras": 0,
                "total": 1
              }
            },
            {
              "batter": "Yuvraj Singh",
              "bowler": "DL Vettori",
              "non_striker": "DPMD Jayawardene",
              "runs": {
                "batter": 6,
                "extras": 0,
                "total": 6
              }
            },
            {
              "batter": "Yuvraj Singh",
              "bowler": "DL Vettori",
              "non_striker": "DPMD Jayawardene",
              "runs": {
                "batter": 0,
                "extras": 0,
                "total": 0
              },
              "wickets": [
                {
                  "kind": "run out",
                  "player_out": "Yuvraj Singh",
                  "fielders": [
                    {
                      "name": "KD Karthik"
                    },
                    {
                      "name": "DL Vettori"
                    }
                  ]
                }
              ]
            },
            {
              "batter": "DPMD Jayawardene",
              "bowler": "DL Vettori",
              "non_striker": "IK Pathan",
              "runs": {
                "batter": 0,
                "extras": 0,
                "total": 0
              }
            },
            {
              "batter": "DPMD Jayawardene",
              "bowler": "DL Vettori",
              "non_striker": "IK Pathan",
              "runs": {
                "batter": 0,
                "extras": 0,
                "total": 0
              },
              "wickets": [
                {
                  "kind": "caught",
                  "player_out": "DPMD Jayawardene",
                  "fielders": [
                    {
                      "name": "TM Dilshan"
                    }
                  ]
                }
              ]
            },
            {
              "batter": "IK Pathan",
              "bowler": "DL Vettori",
              "non_striker": "PP Chawla",
              "runs": {
                "batter": 0,
                "extras": 0,
                "total": 0
              },
              "wickets": [
                {
                  "kind": "run out",
                  "player_out": "PP Chawla",
                  "fielders": [
                    {
                      "name": "MK Tiwary"
                    }
                  ]
                }
              ]
            }
          ]
        },
        {
          "over": 11,
          "deliveries": [
            {
              "batter": "IK Pathan",
              "bowler": "AM Salvi",
              "non_striker": "T Kohli",
              "runs": {
                "batter": 0,
                "extras": 0,
                "total": 0
              }
            },
            {
              "batter": "IK Pathan",
              "bowler": "AM Salvi",
              "non_striker": "T Kohli",
              "runs": {
                "batter": 0,
                "extras": 0,
                "total": 0
              }
            },
            {
              "batter": "IK Pathan",
              "bowler": "AM Salvi",
              "non_striker": "T Kohli",
              "runs": {
                "batter": 2,
                "extras": 0,
                "total": 2
              }
            },
            {
              "batter": "IK Pathan",
              "bowler": "AM Salvi",
              "non_striker": "T Kohli",
              "runs": {
                "batter": 2,
                "extras": 0,
                "total": 2
              }
            },
            {
              "batter": "IK Pathan",
              "bowler": "AM Salvi",
              "non_striker": "T Kohli",
              "runs": {
                "batter": 2,
                "extras": 0,
                "total": 2
              }
            },
            {
              "batter": "IK Pathan",
              "bowler": "AM Salvi",
              "non_striker": "T Kohli",
              "runs": {
                "batter": 0,
                "extras": 0,
                "total": 0
              },
              "wickets": [
                {
                  "kind": "caught",
                  "player_out": "IK Pathan",
                  "fielders": [
                    {
                      "name": "TM Dilshan"
                    }
                  ]
                }
              ]
            }
          ]
        }
      ],
      "powerplays": [
        {
          "from": 0.1,
          "to": 2.6,
          "type": "mandatory"
        }
      ]
    },
    {
      "team": "Delhi Daredevils",
      "overs": [
        {
          "over": 0,
          "deliveries": [
            {
              "batter": "G Gambhir",
              "bowler": "IK Pathan",
              "non_striker": "V Sehwag",
              "runs": {
                "batter": 0,
                "extras": 0,
                "total": 0
              }
            },
            {
              "batter": "G Gambhir",
              "bowler": "IK Pathan",
              "extras": {
                "wides": 1
              },
              "non_striker": "V Sehwag",
              "runs": {
                "batter": 0,
                "extras": 1,
                "total": 1
              }
            },
            {
              "batter": "G Gambhir",
              "bowler": "IK Pathan",
              "non_striker": "V Sehwag",
              "runs": {
                "batter": 0,
                "extras": 0,
                "total": 0
              }
            },
            {
              "batter": "G Gambhir",
              "bowler": "IK Pathan",
              "non_striker": "V Sehwag",
              "runs": {
                "batter": 4,
                "extras": 0,
                "total": 4
              }
            },
            {
              "batter": "G Gambhir",
              "bowler": "IK Pathan",
              "non_striker": "V Sehwag",
              "runs": {
                "batter": 0,
                "extras": 0,
                "total": 0
              }
            },
            {
              "batter": "G Gambhir",
              "bowler": "IK Pathan",
              "non_striker": "V Sehwag",
              "runs": {
                "batter": 4,
                "extras": 0,
                "total": 4
              }
            },
            {
              "batter": "G Gambhir",
              "bowler": "IK Pathan",
              "non_striker": "V Sehwag",
              "runs": {
                "batter": 0,
                "extras": 0,
                "total": 0
              }
            }
          ]
        },
        {
          "over": 1,
          "deliveries": [
            {
              "batter": "V Sehwag",
              "bowler": "YA Abdulla",
              "non_striker": "G Gambhir",
              "runs": {
                "batter": 6,
                "extras": 0,
                "total": 6
              }
            },
            {
              "batter": "V Sehwag",
              "bowler": "YA Abdulla",
              "non_striker": "G Gambhir",
              "runs": {
                "batter": 4,
                "extras": 0,
                "total": 4
              }
            },
            {
              "batter": "V Sehwag",
              "bowler": "YA Abdulla",
              "extras": {
                "wides": 1
              },
              "non_striker": "G Gambhir",
              "runs": {
                "batter": 0,
                "extras": 1,
                "total": 1
              }
            },
            {
              "batter": "V Sehwag",
              "bowler": "YA Abdulla",
              "non_striker": "G Gambhir",
              "runs": {
                "batter": 0,
                "extras": 0,
                "total": 0
              }
            },
            {
              "batter": "V Sehwag",
              "bowler": "YA Abdulla",
              "non_striker": "G Gambhir",
              "runs": {
                "batter": 0,
                "extras": 0,
                "total": 0
              }
            },
            {
              "batter": "V Sehwag",
              "bowler": "YA Abdulla",
              "non_striker": "G Gambhir",
              "runs": {
                "batter": 4,
                "extras": 0,
                "total": 4
              }
            },
            {
              "batter": "V Sehwag",
              "bowler": "YA Abdulla",
              "non_striker": "G Gambhir",
              "runs": {
                "batter": 4,
                "extras": 0,
                "total": 4
              }
            }
          ]
        },
        {
          "over": 2,
          "deliveries": [
            {
              "batter": "G Gambhir",
              "bowler": "VS Malik",
              "extras": {
                "legbyes": 1
              },
              "non_striker": "V Sehwag",
              "runs": {
                "batter": 0,
                "extras": 1,
                "total": 1
              }
            },
            {
              "batter": "V Sehwag",
              "bowler": "VS Malik",
              "extras": {
                "byes": 1
              },
              "non_striker": "G Gambhir",
              "runs": {
                "batter": 0,
                "extras": 1,
                "total": 1
              }
            },
            {
              "batter": "G Gambhir",
              "bowler": "VS Malik",
              "non_striker": "V Sehwag",
              "runs": {
                "batter": 1,
                "extras": 0,
                "total": 1
              }
            },
            {
              "batter": "V Sehwag",
              "bowler": "VS Malik",
              "non_striker": "G Gambhir",
              "runs": {
                "batter": 6,
                "extras": 0,
                "total": 6
              }
            },
            {
              "batter": "V Sehwag",
              "bowler": "VS Malik",
              "non_striker": "G Gambhir",
              "runs": {
                "batter": 0,
                "extras": 0,
                "total": 0
              }
            },
            {
              "batter": "V Sehwag",
              "bowler": "VS Malik",
              "non_striker": "G Gambhir",
              "runs": {
                "batter": 4,
                "extras": 0,
                "total": 4
              }
            }
          ]
        },
        {
          "over": 3,
          "deliveries": [
            {
              "batter": "G Gambhir",
              "bowler": "VRV Singh",
              "non_striker": "V Sehwag",
              "runs": {
                "batter": 1,
                "extras": 0,
                "total": 1
              }
            },
            {
              "batter": "V Sehwag",
              "bowler": "VRV Singh",
              "non_striker": "G Gambhir",
              "runs": {
                "batter": 1,
                "extras": 0,
                "total": 1
              }
            },
            {
              "batter": "G Gambhir",
              "bowler": "VRV Singh",
              "non_striker": "V Sehwag",
              "runs": {
                "batter": 2,
                "extras": 0,
                "total": 2
              }
            },
            {
              "batter": "G Gambhir",
              "bowler": "VRV Singh",
              "non_striker": "V Sehwag",
              "runs": {
                "batter": 1,
                "extras": 0,
                "total": 1
              }
            },
            {
              "batter": "V Sehwag",
              "bowler": "VRV Singh",
              "non_striker": "G Gambhir",
              "runs": {
                "batter": 0,
                "extras": 0,
                "total": 0
              }
            },
            {
              "batter": "V Sehwag",
              "bowler": "VRV Singh",
              "non_striker": "G Gambhir",
              "runs": {
                "batter": 0,
                "extras": 0,
                "total": 0
              }
            }
          ]
        },
        {
          "over": 4,
          "deliveries": [
            {
              "batter": "G Gambhir",
              "bowler": "PP Chawla",
              "non_striker": "V Sehwag",
              "runs": {
                "batter": 1,
                "extras": 0,
                "total": 1
              }
            },
            {
              "batter": "V Sehwag",
              "bowler": "PP Chawla",
              "non_striker": "G Gambhir",
              "runs": {
                "batter": 2,
                "extras": 0,
                "total": 2
              }
            },
            {
              "batter": "V Sehwag",
              "bowler": "PP Chawla",
              "non_striker": "G Gambhir",
              "runs": {
                "batter": 1,
                "extras": 0,
                "total": 1
              }
            },
            {
              "batter": "G Gambhir",
              "bowler": "PP Chawla",
              "non_striker": "V Sehwag",
              "runs": {
                "batter": 1,
                "extras": 0,
                "total": 1
              }
            },
            {
              "batter": "V Sehwag",
              "bowler": "PP Chawla",
              "extras": {
                "wides": 1
              },
              "non_striker": "G Gambhir",
              "runs": {
                "batter": 0,
                "extras": 1,
                "total": 1
              }
            },
            {
              "batter": "V Sehwag",
              "bowler": "PP Chawla",
              "non_striker": "G Gambhir",
              "runs": {
                "batter": 6,
                "extras": 0,
                "total": 6
              }
            }
          ]
        }
      ],
      "powerplays": [
        {
          "from": 0.1,
          "to": 1.7,
          "type": "mandatory"
        }
      ],
      "target": {
        "overs": 6,
        "runs": 54
      }
    }
  ]
}