{
  "meta": {
    "data_version": "1.0.0",
    "created": "2011-04-29",
    "revision": 3
  },
  "info": {
    "balls_per_over": 6,
    "city": "Mumbai",
    "dates": [
      "2010-04-13"
    ],
    "event": {
      "match_number": 47,
      "name": "Indian Premier League"
    },
    "gender": "male",
    "match_type": "T20",
    "officials": {
      "match_referees": [
        "J Srinath"
      ],
      "reserve_umpires": [
        "SN Bandekar"
      ],
      "tv_umpires": [
        "K Hariharan"
      ],
      "umpires": [
        "S Asnani",
        "DJ Harper"
      ]
    },
    "outcome": {
      "by": {
        "runs": 39
      },
      "winner": "Mumbai Indians"
    },
    "overs": 20,
    "player_of_match": [
      "KA Pollard"
    ],
    "players": {
      "Delhi Daredevils": [
        "DA Warner",
        "V Sehwag",
        "G Gambhir",
        "KD Karthik",
        "AB de Villiers",
        "PD Collingwood",
        "AB McDonald",
        "A Mishra",
        "PJ Sangwan",
        "A Nehra",
        "S Ladda"
      ],
      "Mumbai Indians": [
        "C Madan",
        "SR Tendulkar",
        "SS Tiwary",
        "AT Rayudu",
        "JP Duminy",
        "KA Pollard",
        "DJ Bravo",
        "Harbhajan Singh",
        "AG Murtaza",
        "Z Khan",
        "CRD Fernando"
      ]
    },
    "registry": {
      "people": {
        "A Mishra": "6b19d823",
        "A Nehra": "96fd40ae",
        "AB McDonald": "16043342",
        "AB de Villiers": "c4487b84",
        "AG Murtaza": "ef5da05c",
        "AT Rayudu": "70d205c9",
        "C Madan": "2eeb4370",
        "CRD Fernando": "342d8ade",
        "DA Warner": "dcce6f09",
        "DJ Bravo": "87e562a9",
        "DJ Harper": "0ec08b27",
        "G Gambhir": "bb345e0b",
        "Harbhajan Singh": "8b5b6769",
        "J Srinath": "bad31fac",
        "JP Duminy": "2e8994e7",
        "K Hariharan": "2386ccff",
        "KA Pollard": "a757b0d8",
        "KD Karthik": "c03f1114",
        "PD Collingwood": "a386e91b",
        "PJ Sangwan": "9fc0ef64",
        "S Asnani": "b04524bc",
        "S Ladda": "fb693839",
        "SN Bandekar": "350528bb",
        "SR Tendulkar": "d2c2b2d5",
        "SS Tiwary": "709b0bac",
        "V Sehwag": "8ba8195d",
        "Z Khan": "91a4a398"
      }
    },
    "season": "2009/10",
    "team_type": "club",
    "teams": [
      "Mumbai Indians",
      "Delhi Daredevils"
    ],
    "toss": {
      "decision": "bat",
      "winner": "Mumbai Indians"
    },
    "venue": "Brabourne Stadium"
  },
  "innings": [
    {
      "team": "Mumbai Indians",
      "overs": [
        {
          "over": 0,
          "deliveries": [
            {
              "batter": "C Madan",
              "bowler": "A Nehra",
              "non_striker": "SR Tendulkar",
              "runs": {
                "batter": 4,
                "extras": 0,
                "total": 4
              }
            },
            {
              "batter": "C Madan",
              "bowler": "A Nehra",
              "non_striker": "SR Tendulkar",
              "runs": {
                "batter": 0,
                "extras": 0,
                "total": 0
              }
            },
            {
              "batter": "C Madan",
              "bowler": "A Nehra",
              "non_striker": "SR Tendulkar",
              "runs": {
                "batter": 0,
                "extras": 0,
                "total": 0
              }
            },
            {
              "batter": "C Madan",
              "bowler": "A Nehra",
              "non_striker": "SR Tendulkar",
              "runs": {
                "batter": 4,
                "extras": 0,
                "total": 4
              }
            },
            {
              "batter": "C Madan",
              "bowler": "A Nehra",
              "non_striker": "SR Tendulkar",
              "runs": {
                "batter": 0,
                "extras": 0,
                "total": 0
              }
            },
            {
              "batter": "C Madan",
              "bowler": "A Nehra",
              "non_striker": "SR Tendulkar",
              "runs": {
                "batter": 0,
                "extras": 0,
                "total": 0
              }
            }
          ]
        },
        {
          "over": 1,
          "deliveries": [
            {
              "batter": "SR Tendulkar",
              "bowler": "PJ Sangwan",
              "non_striker": "C Madan",
              "runs": {
                "batter": 2,
                "extras": 0,
                "total": 2
              }
            },
            {
              "batter": "SR Tendulkar",
              "bowler": "PJ Sangwan",
              "non_striker": "C Madan",
              "runs": {
                "batter": 4,
                "extras": 0,
                "total": 4
              }
            },
            {
              "batter": "SR Tendulkar",
              "bowler": "PJ Sangwan",
              "non_striker": "C Madan",
              "runs": {
                "batter": 0,
                "extras": 0,
                "total": 0
              }
            },
            {
              "batter": "SR Tendulkar",
              "bowler": "PJ Sangwan",
              "non_striker": "C Madan",
              "runs": {
                "batter": 1,
                "extras": 0,
                "total": 1
              }
            },
            {
              "batter": "C Madan",
              "bowler": "PJ Sangwan",
              "non_striker": "SR Tendulkar",
              "runs": {
                "batter": 1,
                "extras": 0,
                "total": 1
              }
            },
            {
              "batter": "SR Tendulkar",
              "bowler": "PJ Sangwan",
              "non_striker": "C Madan",
              "runs": {
                "batter": 0,
                "extras": 0,
                "total": 0
              }
            }
          ]
        },
        {
          "over": 2,
          "deliveries": [
            {
              "batter": "C Madan",
              "bowler": "A Nehra",
              "non_striker": "SR Tendulkar",
              "runs": {
                "batter": 0,
                "extras": 0,
                "total": 0
              }
            },
            {
              "batter": "C Madan",
              "bowler": "A Nehra",
              "non_striker": "SR Tendulkar",
              "runs": {
                "batter": 1,
                "extras": 0,
                "total": 1
              }
            },
            {
              "batter": "SR Tendulkar",
              "bowler": "A Nehra",
              "non_striker": "C Madan",
              "runs": {
                "batter": 1,
                "extras": 0,
                "total": 1
              }
            },
            {
              "batter": "C Madan",
              "bowler": "A Nehra",
              "extras": {
                "legbyes": 4
              },
              "non_striker": "SR Tendulkar",
              "runs": {
                "batter": 0,
                "extras": 4,
                "total": 4
              }
            },
            {
              "batter": "C Madan",
              "bowler": "A Nehra",
              "non_striker": "SR Tendulkar",
              "runs": {
                "batter": 0,
                "extras": 0,
                "total": 0
              }
            },
            {
              "batter": "C Madan",
              "bowler": "A Nehra",
              "non_striker": "SR Tendulkar",
              "runs": {
                "batter": 0,
                "extras": 0,
                "total": 0
              }
            }
          ]
        },
        {
          "over": 3,
          "deliveries": [
            {
              "batter": "SR Tendulkar",
              "bowler": "PJ Sangwan",
              "non_striker": "C Madan",
              "runs": {
                "batter": 1,
                "extras": 0,
                "total": 1
              }
            },
            {
              "batter": "C Madan",
              "bowler": "PJ Sangwan",
              "extras": {
                "wides": 1
              },
              "non_striker": "SR Tendulkar",
              "runs": {
                "batter": 0,
                "extras": 1,
                "total": 1
              }
            },
            {
              "batter": "C Madan",
              "bowler": "PJ Sangwan",
              "non_striker": "SR Tendulkar",
              "runs": {
                "batter": 4,
                "extras": 0,
                "total": 4
              }
            },
            {
              "batter": "C Madan",
              "bowler": "PJ Sangwan",
              "non_striker": "SR Tendulkar",
              "runs": {
                "batter": 0,
                "extras": 0,
                "total": 0
              }
            },
            {
              "batter": "C Madan",
              "bowler": "PJ Sangwan",
              "extras": {
                "wides": 1
              },
              "non_striker": "SR Tendulkar",
              "runs": {
                "batter": 0,
                "extras": 1,
                "total": 1
              }
            },
            {
              "batter": "C Madan",
              "bowler": "PJ Sangwan",
              "extras": {
                "noballs": 1
              },
              "non_striker": "SR Tendulkar",
              "runs": {
                "batter": 1,
                "extras": 1,
                "total": 2
              }
            },
            {
              "batter": "SR Tendulkar",
              "bowler": "PJ Sangwan",
              "extras": {
                "noballs": 1
              },
              "non_striker": "C Madan",
              "runs": {
                "batter": 0,
                "extras": 1,
                "total": 1
              }
            },
            {
              "batter": "SR Tendulkar",
              "bowler": "PJ Sangwan",
              "non_striker": "C Madan",
              "runs": {
                "batter": 0,
                "extras": 0,
                "total": 0
              }
            },
            {
              "batter": "SR Tendulkar",
              "bowler": "PJ Sangwan",
              "non_striker": "C Madan",
              "runs": {
                "batter": 2,
                "extras": 0,
                "total": 2
              }
            },
            {
              "batter": "SR Tendulkar",
              "bowler": "PJ Sangwan",
              "non_striker": "C Madan",
              "runs": {
                "batter": 1,
                "extras": 0,
                "total": 1
              }
            }
          ]
        },
        {
          "over": 4,
          "deliveries": [
            {
              "batter": "SR Tendulkar",
              "bowler": "A Mishra",
              "non_striker": "C Madan",
              "runs": {
                "batter": 4,
                "extras": 0,
                "total": 4
              }
            },
            {
              "batter": "SR Tendulkar",
              "bowler": "A Mishra",
              "non_striker": "C Madan",
              "runs": {
                "batter": 0,
                "extras": 0,
                "total": 0
              }
            },
            {
              "batter": "SR Tendulkar",
              "bowler": "A Mishra",
              "non_striker": "C Madan",
              "runs": {
                "batter": 1,
                "extras": 0,
                "total": 1
              }
            },
            {
              "batter": "C Madan",
              "bowler": "A Mishra",
              "non_striker": "SR Tendulkar",
              "runs": {
                "batter": 0,
                "extras": 0,
                "total": 0
              }
            },
            {
              "batter": "C Madan",
              "bowler": "A Mishra",
              "non_striker": "SR Tendulkar",
              "runs": {
                "batter": 0,
                "extras": 0,
                "total": 0
              }
            },
            {
              "batter": "C Madan",
              "bowler": "A Mishra",
              "non_striker": "SR Tendulkar",
              "runs": {
                "batter": 0,
                "extras": 0,
                "total": 0
              }
            }
          ]
        },
        {
          "over": 5,
          "deliveries": [
            {
              "batter": "SR Tendulkar",
              "bowler": "AB McDonald",
              "non_striker": "C Madan",
              "runs": {
                "batter": 0,
                "extras": 0,
                "total": 0
              }
            },
            {
              "batter": "SR Tendulkar",
              "bowler": "AB McDonald",
              "non_striker": "C Madan",
              "runs": {
                "batter": 1,
                "extras": 0,
                "total": 1
              }
            },
            {
              "batter": "C Madan",
              "bowler": "AB McDonald",
              "non_striker": "SR Tendulkar",
              "runs": {
                "batter": 0,
                "extras": 0,
                "total": 0
              },
              "wickets": [
                {
                  "kind": "caught",
                  "player_out": "C Madan",
                  "fielders": [
                    {
                      "name": "A Mishra"
                    }
                  ]
                }
              ]
            },
            {
              "batter": "SR Tendulkar",
              "bowler": "AB McDonald",
              "non_striker": "SS Tiwary",
              "runs": {
                "batter": 1,
                "extras": 0,
                "total": 1
              }
            },
            {
              "batter": "SS Tiwary",
              "bowler": "AB McDonald",
              "non_striker": "SR Tendulkar",
              "runs": {
                "batter": 1,
                "extras": 0,
                "total": 1
              }
            },
            {
              "batter": "SR Tendulkar",
              "bowler": "AB McDonald",
              "non_striker": "SS Tiwary",
              "runs": {
                "batter": 1,
                "extras": 0,
                "total": 1
              }
            }
          ]
        },
        {
          "over": 6,
          "deliveries": [
            {
              "batter": "SR Tendulkar",
              "bowler": "A Mishra",
              "non_striker": "SS Tiwary",
              "runs": {
                "batter": 1,
                "extras": 0,
                "total": 1
              }
            },
            {
              "batter": "SS Tiwary",
              "bowler": "A Mishra",
              "non_striker": "SR Tendulkar",
              "runs": {
                "batter": 1,
                "extras": 0,
                "total": 1
              }
            },
            {
              "batter": "SR Tendulkar",
              "bowler": "A Mishra",
              "non_striker": "SS Tiwary",
              "runs": {
                "batter": 4,
                "extras": 0,
                "total": 4
              }
            },
            {
              "batter": "SR Tendulkar",
              "bowler": "A Mishra",
              "non_striker": "SS Tiwary",
              "runs": {
                "batter": 2,
                "extras": 0,
                "total": 2
              }
            },
            {
              "batter": "SR Tendulkar",
              "bowler": "A Mishra",
              "non_striker": "SS Tiwary",
              "runs": {
                "batter": 1,
                "extras": 0,
                "total": 1
              }
            },
            {
              "batter": "SS Tiwary",
              "bowler": "A Mishra",
              "non_striker": "SR Tendulkar",
              "runs": {
                "batter": 1,
                "extras": 0,
                "total": 1
              }
            }
          ]
        },
        {
          "over": 7,
          "deliveries": [
            {
              "batter": "SS Tiwary",
              "bowler": "AB McDonald",
              "non_striker": "SR Tendulkar",
              "runs": {
                "batter": 0,
                "extras": 0,
                "total": 0
              }
            },
            {
              "batter": "SS Tiwary",
              "bowler": "AB McDonald",
              "non_striker": "SR Tendulkar",
              "runs": {
                "batter": 1,
                "extras": 0,
                "total": 1
              }
            },
            {
              "batter": "SR Tendulkar",
              "bowler": "AB McDonald",
              "non_striker": "SS Tiwary",
              "runs": {
                "batter": 0,
                "extras": 0,
                "total": 0
              }
            },
            {
              "batter": "SR Tendulkar",
              "bowler": "AB McDonald",
              "non_striker": "SS Tiwary",
              "runs": {
                "batter": 1,
                "extras": 0,
                "total": 1
              }
            },
            {
              "batter": "SS Tiwary",
              "bowler": "AB McDonald",
              "non_striker": "SR Tendulkar",
              "runs": {
                "batter": 0,
                "extras": 0,
                "total": 0
              }
            },
            {
              "batter": "SS Tiwary",
              "bowler": "AB McDonald",
              "non_striker": "SR Tendulkar",
              "runs": {
                "batter": 1,
                "extras": 0,
                "total": 1
              }
            }
          ]
        },
        {
          "over": 8,
          "deliveries": [
            {
              "batter": "SS Tiwary",
              "bowler": "PD Collingwood",
              "non_striker": "SR Tendulkar",
              "runs": {
                "batter": 2,
                "extras": 0,
                "total": 2
              }
            },
            {
              "batter": "SS Tiwary",
              "bowler": "PD Collingwood",
              "non_striker": "SR Tendulkar",
              "runs": {
                "batter": 2,
                "extras": 0,
                "total": 2
              }
            },
            {
              "batter": "SS Tiwary",
              "bowler": "PD Collingwood",
              "non_striker": "SR Tendulkar",
              "runs": {
                "batter": 1,
                "extras": 0,
                "total": 1
              }
            },
            {
              "batter": "SR Tendulkar",
              "bowler": "PD Collingwood",
              "non_striker": "SS Tiwary",
              "runs": {
                "batter": 1,
                "extras": 0,
                "total": 1
              }
            },
            {
              "batter": "SS Tiwary",
              "bowler": "PD Collingwood",
              "non_striker": "SR Tendulkar",
              "runs": {
                "batter": 1,
                "extras": 0,
                "total": 1
              }
            },
            {
              "batter": "SR Tendulkar",
              "bowler": "PD Collingwood",
              "non_striker": "SS Tiwary",
              "runs": {
                "batter": 0,
                "extras": 0,
                "total": 0
              }
            }
          ]
        },
        {
          "over": 9,
          "deliveries": [
            {
              "batter": "SS Tiwary",
              "bowler": "PJ Sangwan",
              "non_striker": "SR Tendulkar",
              "runs": {
                "batter": 0,
                "extras": 0,
                "total": 0
              }
            },
            {
              "batter": "SS Tiwary",
              "bowler": "PJ Sangwan",
              "non_striker": "SR Tendulkar",
              "runs": {
                "batter": 1,
                "extras": 0,
                "total": 1
              }
            },
            {
              "batter": "SR Tendulkar",
              "bowler": "PJ Sangwan",
              "non_striker": "SS Tiwary",
              "runs": {
                "batter": 0,
                "extras": 0,
                "total": 0
              },
              "wickets": [
                {
                  "kind": "caught",
                  "player_out": "SR Tendulkar",
                  "fielders": [
                    {
                      "name": "AB de Villiers"
                    }
                  ]
                }
              ]
            },
            {
              "batter": "AT Rayudu",
              "bowler": "PJ Sangwan",
              "non_striker": "SS Tiwary",
              "runs": {
                "batter": 0,
                "extras": 0,
                "total": 0
              }
            },
            {
              "batter": "AT Rayudu",
              "bowler": "PJ Sangwan",
              "non_striker": "SS Tiwary",
              "runs": {
                "batter": 0,
                "extras": 0,
                "total": 0
              }
            },
            {
              "batter": "AT Rayudu",
              "bowler": "PJ Sangwan",
              "non_striker": "SS Tiwary",
              "runs": {
                "batter": 1,
                "extras": 0,
                "total": 1
              }
            }
          ]
        },
        {
          "over": 10,
          "deliveries": [
            {
              "batter": "AT Rayudu",
              "bowler": "PD Collingwood",
              "non_striker": "SS Tiwary",
              "runs": {
                "batter": 1,
                "extras": 0,
                "total": 1
              }
            },
            {
              "batter": "SS Tiwary",
              "bowler": "PD Collingwood",
              "non_striker": "AT Rayudu",
              "runs": {
                "batter": 1,
                "extras": 0,
                "total": 1
              }
            },
            {
              "batter": "AT Rayudu",
              "bowler": "PD Collingwood",
              "non_striker": "SS Tiwary",
              "runs": {
                "batter": 1,
                "extras": 0,
                "total": 1
              }
            },
            {
              "batter": "SS Tiwary",
              "bowler": "PD Collingwood",
              "non_striker": "AT Rayudu",
              "runs": {
                "batter": 0,
                "extras": 0,
                "total": 0
              }
            },
            {
              "batter": "SS Tiwary",
              "bowler": "PD Collingwood",
              "non_striker": "AT Rayudu",
              "runs": {
                "batter": 0,
                "extras": 0,
                "total": 0
              }
            },
            {
              "batter": "SS Tiwary",
              "bowler": "PD Collingwood",
              "non_striker": "AT Rayudu",
              "runs": {
                "batter": 2,
                "extras": 0,
                "total": 2
              }
            }
          ]
        },
        {
          "over": 11,
          "deliveries": [
            {
              "batter": "AT Rayudu",
              "bowler": "AB McDonald",
              "non_striker": "SS Tiwary",
              "runs": {
                "batter": 4,
                "extras": 0,
                "total": 4
              }
            },
            {
              "batter": "AT Rayudu",
              "bowler": "AB McDonald",
              "non_striker": "SS Tiwary",
              "runs": {
                "batter": 1,
                "extras": 0,
                "total": 1
              }
            },
            {
              "batter": "SS Tiwary",
              "bowler": "AB McDonald",
              "non_striker": "AT Rayudu",
              "runs": {
                "batter": 1,
                "extras": 0,
                "total": 1
              }
            },
            {
              "batter": "AT Rayudu",
              "bowler": "AB McDonald",
              "non_striker": "SS Tiwary",
              "runs": {
                "batter": 2,
                "extras": 0,
                "total": 2
              }
            },
            {
              "batter": "AT Rayudu",
              "bowler": "AB McDonald",
              "non_striker": "SS Tiwary",
              "runs": {
                "batter": 1,
                "extras": 0,
                "total": 1
              }
            },
            {
              "batter": "SS Tiwary",
              "bowler": "AB McDonald",
              "non_striker": "AT Rayudu",
              "runs": {
                "batter": 1,
                "extras": 0,
                "total": 1
              }
            }
          ]
        },
        {
          "over": 12,
          "deliveries": [
            {
              "batter": "SS Tiwary",
              "bowler": "PD Collingwood",
              "non_striker": "AT Rayudu",
              "runs": {
                "batter": 1,
                "extras": 0,
                "total": 1
              }
            },
            {
              "batter": "AT Rayudu",
              "bowler": "PD Collingwood",
              "non_striker": "SS Tiwary",
              "runs": {
                "batter": 1,
                "extras": 0,
                "total": 1
              }
            },
            {
              "batter": "SS Tiwary",
              "bowler": "PD Collingwood",
              "non_striker": "AT Rayudu",
              "runs": {
                "batter": 6,
                "extras": 0,
                "total": 6
              }
            },
            {
              "batter": "SS Tiwary",
              "bowler": "PD Collingwood",
              "non_striker": "AT Rayudu",
              "runs": {
                "batter": 1,
                "extras": 0,
                "total": 1
              }
            },
            {
              "batter": "AT Rayudu",
              "bowler": "PD Collingwood",
              "non_striker": "SS Tiwary",
              "runs": {
                "batter": 1,
                "extras": 0,
                "total": 1
              }
            },
            {
              "batter": "SS Tiwary",
              "bowler": "PD Collingwood",
              "non_striker": "AT Rayudu",
              "runs": {
                "batter": 1,
                "extras": 0,
                "total": 1
              }
            }
          ]
        },
        {
          "over": 13,
          "deliveries": [
            {
              "batter": "SS Tiwary",
              "bowler": "PJ Sangwan",
              "non_striker": "AT Rayudu",
              "runs": {
                "batter": 0,
                "extras": 0,
                "total": 0
              }
            },
            {
              "batter": "SS Tiwary",
              "bowler": "PJ Sangwan",
              "non_striker": "AT Rayudu",
              "runs": {
                "batter": 6,
                "extras": 0,
                "total": 6
              }
            },
            {
              "batter": "SS Tiwary",
              "bowler": "PJ Sangwan",
              "non_striker": "AT Rayudu",
              "runs": {
                "batter": 2,
                "extras": 0,
                "total": 2
              }
            },
            {
              "batter": "SS Tiwary",
              "bowler": "PJ Sangwan",
              "non_striker": "AT Rayudu",
              "runs": {
                "batter": 4,
                "extras": 0,
                "total": 4
              }
            },
            {
              "batter": "SS Tiwary",
              "bowler": "PJ Sangwan",
              "non_striker": "AT Rayudu",
              "runs": {
                "batter": 0,
                "extras": 0,
                "total": 0
              },
              "wickets": [
                {
                  "kind": "bowled",
                  "player_out": "SS Tiwary"
                }
              ]
            },
            {
              "batter": "JP Duminy",
              "bowler": "PJ Sangwan",
              "non_striker": "AT Rayudu",
              "runs": {
                "batter": 0,
                "extras": 0,
                "total": 0
              }
            }
          ]
        },
        {
          "over": 14,
          "deliveries": [
            {
              "batter": "AT Rayudu",
              "bowler": "PD Collingwood",
              "non_striker": "JP Duminy",
              "runs": {
                "batter": 1,
                "extras": 0,
                "total": 1
              }
            },
            {
              "batter": "JP Duminy",
              "bowler": "PD Collingwood",
              "non_striker": "AT Rayudu",
              "runs": {
                "batter": 1,
                "extras": 0,
                "total": 1
              }
            },
            {
              "batter": "AT Rayudu",
              "bowler": "PD Collingwood",
              "non_striker": "JP Duminy",
              "runs": {
                "batter": 0,
                "extras": 0,
                "total": 0
              }
            },
            {
              "batter": "AT Rayudu",
              "bowler": "PD Collingwood",
              "non_striker": "JP Duminy",
              "runs": {
                "batter": 0,
                "extras": 0,
                "total": 0
              }
            },
            {
              "batter": "AT Rayudu",
              "bowler": "PD Collingwood",
              "non_striker": "JP Duminy",
              "runs": {
                "batter": 1,
                "extras": 0,
                "total": 1
              }
            },
            {
              "batter": "JP Duminy",
              "bowler": "PD Collingwood",
              "non_striker": "AT Rayudu",
              "runs": {
                "batter": 1,
                "extras": 0,
                "total": 1
              }
            }
          ]
        },
        {
          "over": 15,
          "deliveries": [
            {
              "batter": "JP Duminy",
              "bowler": "A Mishra",
              "non_striker": "AT Rayudu",
              "runs": {
                "batter": 1,
                "extras": 0,
                "total": 1
              }
            },
            {
              "batter": "AT Rayudu",
              "bowler": "A Mishra",
              "non_striker": "JP Duminy",
              "runs": {
                "batter": 2,
                "extras": 0,
                "total": 2
              }
            },
            {
              "batter": "AT Rayudu",
              "bowler": "A Mishra",
              "extras": {
                "legbyes": 1
              },
              "non_striker": "JP Duminy",
              "runs": {
                "batter": 0,
                "extras": 1,
                "total": 1
              }
            },
            {
              "batter": "JP Duminy",
              "bowler": "A Mishra",
              "non_striker": "AT Rayudu",
              "runs": {
                "batter": 4,
                "extras": 0,
                "total": 4
              }
            },
            {
              "batter": "JP Duminy",
              "bowler": "A Mishra",
              "non_striker": "AT Rayudu",
              "runs": {
                "batter": 4,
                "extras": 0,
                "total": 4
              }
            },
            {
              "batter": "JP Duminy",
              "bowler": "A Mishra",
              "non_striker": "AT Rayudu",
              "runs": {
                "batter": 4,
                "extras": 0,
                "total": 4
              }
            }
          ]
        },
        {
          "over": 16,
          "deliveries": [
            {
              "batter": "AT Rayudu",
              "bowler": "A Nehra",
              "non_striker": "JP Duminy",
              "runs": {
                "batter": 2,
                "extras": 0,
                "total": 2
              }
            },
            {
              "batter": "AT Rayudu",
              "bowler": "A Nehra",
              "non_striker": "JP Duminy",
              "runs": {
                "batter": 4,
                "extras": 0,
                "total": 4
              }
            },
            {
              "batter": "AT Rayudu",
              "bowler": "A Nehra",
              "non_striker": "JP Duminy",
              "runs": {
                "batter": 1,
                "extras": 0,
                "total": 1
              }
            },
            {
              "batter": "JP Duminy",
              "bowler": "A Nehra",
              "extras": {
                "wides": 1
              },
              "non_striker": "AT Rayudu",
              "runs": {
                "batter": 0,
                "extras": 1,
                "total": 1
              }
            },
            {
              "batter": "JP Duminy",
              "bowler": "A Nehra",
              "non_striker": "AT Rayudu",
              "runs": {
                "batter": 0,
                "extras": 0,
                "total": 0
              }
            },
            {
              "batter": "JP Duminy",
              "bowler": "A Nehra",
              "non_striker": "AT Rayudu",
              "runs": {
                "batter": 1,
                "extras": 0,
                "total": 1
              }
            },
            {
              "batter": "AT Rayudu",
              "bowler": "A Nehra",
              "non_striker": "JP Duminy",
              "runs": {
                "batter": 0,
                "extras": 0,
                "total": 0
              },
              "wickets": [
                {
                  "kind": "caught",
                  "player_out": "AT Rayudu",
                  "fielders": [
                    {
                      "name": "AB de Villiers"
                    }
                  ]
                }
              ]
            }
          ]
        },
        {
          "over": 17,
          "deliveries": [
            {
              "batter": "KA Pollard",
              "bowler": "S Ladda",
              "non_striker": "JP Duminy",
              "runs": {
                "batter": 2,
                "extras": 0,
                "total": 2
              }
            },
            {
              "batter": "KA Pollard",
              "bowler": "S Ladda",
              "non_striker": "JP Duminy",
              "runs": {
                "batter": 4,
                "extras": 0,
                "total": 4
              }
            },
            {
              "batter": "KA Pollard",
              "bowler": "S Ladda",
              "non_striker": "JP Duminy",
              "runs": {
                "batter": 1,
                "extras": 0,
                "total": 1
              }
            },
            {
              "batter": "JP Duminy",
              "bowler": "S Ladda",
              "non_striker": "KA Pollard",
              "runs": {
                "batter": 1,
                "extras": 0,
                "total": 1
              }
            },
            {
              "batter": "KA Pollard",
              "bowler": "S Ladda",
              "non_striker": "JP Duminy",
              "runs": {
                "batter": 6,
                "extras": 0,
                "total": 6
              }
            },
            {
              "batter": "KA Pollard",
              "bowler": "S Ladda",
              "non_striker": "JP Duminy",
              "runs": {
                "batter": 0,
                "extras": 0,
                "total": 0
              }
            }
          ]
        },
        {
          "over": 18,
          "deliveries": [
            {
              "batter": "JP Duminy",
              "bowler": "A Nehra",
              "non_striker": "KA Pollard",
              "runs": {
                "batter": 1,
                "extras": 0,
                "total": 1
              }
            },
            {
              "batter": "KA Pollard",
              "bowler": "A Nehra",
              "non_striker": "JP Duminy",
              "runs": {
                "batter": 1,
                "extras": 0,
                "total": 1
              }
            },
            {
              "batter": "JP Duminy",
              "bowler": "A Nehra",
              "non_striker": "KA Pollard",
              "runs": {
                "batter": 1,
                "extras": 0,
                "total": 1
              }
            },
            {
              "batter": "KA Pollard",
              "bowler": "A Nehra",
              "non_striker": "JP Duminy",
              "runs": {
                "batter": 6,
                "extras": 0,
                "total": 6
              }
            },
            {
              "batter": "KA Pollard",
              "bowler": "A Nehra",
              "non_striker": "JP Duminy",
              "runs": {
                "batter": 1,
                "extras": 0,
                "total": 1
              }
            },
            {
              "batter": "JP Duminy",
              "bowler": "A Nehra",
              "non_striker": "KA Pollard",
              "runs": {
                "batter": 1,
                "extras": 0,
                "total": 1
              }
            }
          ]
        },
        {
          "over": 19,
          "deliveries": [
            {
              "batter": "JP Duminy",
              "bowler": "AB McDonald",
              "non_striker": "KA Pollard",
              "runs": {
                "batter": 1,
                "extras": 0,
                "total": 1
              }
            },
            {
              "batter": "KA Pollard",
              "bowler": "AB McDonald",
              "non_striker": "JP Duminy",
              "runs": {
                "batter": 6,
                "extras": 0,
                "total": 6
              }
            },
            {
              "batter": "KA Pollard",
              "bowler": "AB McDonald",
              "non_striker": "JP Duminy",
              "runs": {
                "batter": 4,
                "extras": 0,
                "total": 4
              }
            },
            {
              "batter": "KA Pollard",
              "bowler": "AB McDonald",
              "non_striker": "JP Duminy",
              "runs": {
                "batter": 6,
                "extras": 0,
                "total": 6
              }
            },
            {
              "batter": "KA Pollard",
              "bowler": "AB McDonald",
              "non_striker": "JP Duminy",
              "runs": {
                "batter": 2,
                "extras": 0,
                "total": 2
              }
            },
            {
              "batter": "KA Pollard",
              "bowler": "AB McDonald",
              "non_striker": "JP Duminy",
              "runs": {
                "batter": 6,
                "extras": 0,
                "total": 6
              }
            }
          ]
        }
      ],
      "powerplays": [
        {
          "from": 0.1,
          "to": 5.6,
          "type": "mandatory"
        }
      ]
    },
    {
      "team": "Delhi Daredevils",
      "overs": [
        {
          "over": 0,
          "deliveries": [
            {
              "batter": "DA Warner",
              "bowler": "Z Khan",
              "non_striker": "V Sehwag",
              "runs": {
                "batter": 0,
                "extras": 0,
                "total": 0
              }
            },
            {
              "batter": "DA Warner",
              "bowler": "Z Khan",
              "extras": {
                "legbyes": 1
              },
              "non_striker": "V Sehwag",
              "runs": {
                "batter": 0,
                "extras": 1,
                "total": 1
              }
            },
            {
              "batter": "V Sehwag",
              "bowler": "Z Khan",
              "non_striker": "DA Warner",
              "runs": {
                "batter": 1,
                "extras": 0,
                "total": 1
              }
            },
            {
              "batter": "DA Warner",
              "bowler": "Z Khan",
              "non_striker": "V Sehwag",
              "runs": {
                "batter": 4,
                "extras": 0,
                "total": 4
              }
            },
            {
              "batter": "DA Warner",
              "bowler": "Z Khan",
              "non_striker": "V Sehwag",
              "runs": {
                "batter": 0,
                "extras": 0,
                "total": 0
              }
            },
            {
              "batter": "DA Warner",
              "bowler": "Z Khan",
              "non_striker": "V Sehwag",
              "runs": {
                "batter": 2,
                "extras": 0,
                "total": 2
              }
            }
          ]
        },
        {
          "over": 1,
          "deliveries": [
            {
              "batter": "V Sehwag",
              "bowler": "CRD Fernando",
              "non_striker": "DA Warner",
              "runs": {
                "batter": 0,
                "extras": 0,
                "total": 0
              }
            },
            {
              "batter": "V Sehwag",
              "bowler": "CRD Fernando",
              "extras": {
                "legbyes": 1
              },
              "non_striker": "DA Warner",
              "runs": {
                "batter": 0,
                "extras": 1,
                "total": 1
              }
            },
            {
              "batter": "DA Warner",
              "bowler": "CRD Fernando",
              "non_striker": "V Sehwag",
              "runs": {
                "batter": 1,
                "extras": 0,
                "total": 1
              }
            },
            {
              "batter": "V Sehwag",
              "bowler": "CRD Fernando",
              "non_striker": "DA Warner",
              "runs": {
                "batter": 0,
                "extras": 0,
                "total": 0
              }
            },
            {
              "batter": "V Sehwag",
              "bowler": "CRD Fernando",
              "non_striker": "DA Warner",
              "runs": {
                "batter": 4,
                "extras": 0,
                "total": 4
              }
            },
            {
              "batter": "V Sehwag",
              "bowler": "CRD Fernando",
              "non_striker": "DA Warner",
              "runs": {
                "batter": 0,
                "extras": 0,
                "total": 0
              }
            }
          ]
        },
        {
          "over": 2,
          "deliveries": [
            {
              "batter": "DA Warner",
              "bowler": "Z Khan",
              "non_striker": "V Sehwag",
              "runs": {
                "batter": 4,
                "extras": 0,
                "total": 4
              }
            },
            {
              "batter": "DA Warner",
              "bowler": "Z Khan",
              "non_striker": "V Sehwag",
              "runs": {
                "batter": 4,
                "extras": 0,
                "total": 4
              }
            },
            {
              "batter": "DA Warner",
              "bowler": "Z Khan",
              "non_striker": "V Sehwag",
              "runs": {
                "batter": 6,
                "extras": 0,
                "total": 6
              }
            },
            {
              "batter": "DA Warner",
              "bowler": "Z Khan",
              "non_striker": "V Sehwag",
              "runs": {
                "batter": 1,
                "extras": 0,
                "total": 1
              }
            },
            {
              "batter": "V Sehwag",
              "bowler": "Z Khan",
              "extras": {
                "legbyes": 1
              },
              "non_striker": "DA Warner",
              "runs": {
                "batter": 0,
                "extras": 1,
                "total": 1
              }
            },
            {
              "batter": "DA Warner",
              "bowler": "Z Khan",
              "non_striker": "V Sehwag",
              "runs": {
                "batter": 1,
                "extras": 0,
                "total": 1
              }
            }
          ]
        },
        {
          "over": 3,
          "deliveries": [
            {
              "batter": "DA Warner",
              "bowler": "CRD Fernando",
              "non_striker": "V Sehwag",
              "runs": {
                "batter": 4,
                "extras": 0,
                "total": 4
              }
            },
            {
              "batter": "DA Warner",
              "bowler": "CRD Fernando",
              "non_striker": "V Sehwag",
              "runs": {
                "batter": 0,
                "extras": 0,
                "total": 0
              }
            },
            {
              "batter": "DA Warner",
              "bowler": "CRD Fernando",
              "non_striker": "V Sehwag",
              "runs": {
                "batter": 4,
                "extras": 0,
                "total": 4
              }
            },
            {
              "batter": "DA Warner",
              "bowler": "CRD Fernando",
              "non_striker": "V Sehwag",
              "runs": {
                "batter": 0,
                "extras": 0,
                "total": 0
              },
              "wickets": [
                {
                  "kind": "caught",
                  "player_out": "DA Warner",
                  "fielders": [
                    {
                      "name": "AG Murtaza"
                    }
                  ]
                }
              ]
            },
            {
              "batter": "V Sehwag",
              "bowler": "CRD Fernando",
              "non_striker": "G Gambhir",
              "runs": {
                "batter": 4,
                "extras": 0,
                "total": 4
              }
            },
            {
              "batter": "V Sehwag",
              "bowler": "CRD Fernando",
              "non_striker": "G Gambhir",
              "runs": {
                "batter": 1,
                "extras": 0,
                "total": 1
              }
            }
          ]
        },
        {
          "over": 4,
          "deliveries": [
            {
              "batter": "V Sehwag",
              "bowler": "Harbhajan Singh",
              "non_striker": "G Gambhir",
              "runs": {
                "batter": 1,
                "extras": 0,
                "total": 1
              }
            },
            {
              "batter": "G Gambhir",
              "bowler": "Harbhajan Singh",
              "non_striker": "V Sehwag",
              "runs": {
                "batter": 0,
                "extras": 0,
                "total": 0
              }
            },
            {
              "batter": "G Gambhir",
              "bowler": "Harbhajan Singh",
              "non_striker": "V Sehwag",
              "runs": {
                "batter": 1,
                "extras": 0,
                "total": 1
              }
            },
            {
              "batter": "V Sehwag",
              "bowler": "Harbhajan Singh",
              "non_striker": "G Gambhir",
              "runs": {
                "batter": 4,
                "extras": 0,
                "total": 4
              }
            },
            {
              "batter": "V Sehwag",
              "bowler": "Harbhajan Singh",
              "extras": {
                "legbyes": 1
              },
              "non_striker": "G Gambhir",
              "runs": {
                "batter": 0,
                "extras": 1,
                "total": 1
              }
            },
            {
              "batter": "G Gambhir",
              "bowler": "Harbhajan Singh",
              "non_striker": "V Sehwag",
              "runs": {
                "batter": 4,
                "extras": 0,
                "total": 4
              }
            }
          ]
        },
        {
          "over": 5,
          "deliveries": [
            {
              "batter": "V Sehwag",
              "bowler": "DJ Bravo",
              "non_striker": "G Gambhir",
              "runs": {
                "batter": 1,
                "extras": 0,
                "total": 1
              }
            },
            {
              "batter": "G Gambhir",
              "bowler": "DJ Bravo",
              "non_striker": "V Sehwag",
              "runs": {
                "batter": 4,
                "extras": 0,
                "total": 4
              }
            },
            {
              "batter": "G Gambhir",
              "bowler": "DJ Bravo",
              "non_striker": "V Sehwag",
              "runs": {
                "batter": 2,
                "extras": 0,
                "total": 2
              }
            },
            {
              "batter": "G Gambhir",
              "bowler": "DJ Bravo",
              "non_striker": "V Sehwag",
              "runs": {
                "batter": 4,
                "extras": 0,
                "total": 4
              }
            },
            {
              "batter": "G Gambhir",
              "bowler": "DJ Bravo",
              "non_striker": "V Sehwag",
              "runs": {
                "batter": 1,
                "extras": 0,
                "total": 1
              }
            },
            {
              "batter": "V Sehwag",
              "bowler": "DJ Bravo",
              "extras": {
                "wides": 1
              },
              "non_striker": "G Gambhir",
              "runs": {
                "batter": 0,
                "extras": 1,
                "total": 1
              }
            },
            {
              "batter": "V Sehwag",
              "bowler": "DJ Bravo",
              "non_striker": "G Gambhir",
              "runs": {
                "batter": 1,
                "extras": 0,
                "total": 1
              }
            }
          ]
        },
        {
          "over": 6,
          "deliveries": [
            {
              "batter": "V Sehwag",
              "bowler": "Harbhajan Singh",
              "non_striker": "G Gambhir",
              "runs": {
                "batter": 1,
                "extras": 0,
                "total": 1
              }
            },
            {
              "batter": "G Gambhir",
              "bowler": "Harbhajan Singh",
              "non_striker": "V Sehwag",
              "runs": {
                "batter": 1,
                "extras": 0,
                "total": 1
              }
            },
            {
              "batter": "V Sehwag",
              "bowler": "Harbhajan Singh",
              "non_striker": "G Gambhir",
              "runs": {
                "batter": 1,
                "extras": 0,
                "total": 1
              }
            },
            {
              "batter": "G Gambhir",
              "bowler": "Harbhajan Singh",
              "non_striker": "V Sehwag",
              "runs": {
                "batter": 0,
                "extras": 0,
                "total": 0
              },
              "wickets": [
                {
                  "kind": "caught and bowled",
                  "player_out": "G Gambhir"
                }
              ]
            },
            {
              "batter": "KD Karthik",
              "bowler": "Harbhajan Singh",
              "non_striker": "V Sehwag",
              "runs": {
                "batter": 0,
                "extras": 0,
                "total": 0
              }
            },
            {
              "batter": "KD Karthik",
              "bowler": "Harbhajan Singh",
              "non_striker": "V Sehwag",
              "runs": {
                "batter": 1,
                "extras": 0,
                "total": 1
              }
            }
          ]
        },
        {
          "over": 7,
          "deliveries": [
            {
              "batter": "KD Karthik",
              "bowler": "AG Murtaza",
              "non_striker": "V Sehwag",
              "runs": {
                "batter": 1,
                "extras": 0,
                "total": 1
              }
            },
            {
              "batter": "V Sehwag",
              "bowler": "AG Murtaza",
              "non_striker": "KD Karthik",
              "runs": {
                "batter": 0,
                "extras": 0,
                "total": 0
              }
            },
            {
              "batter": "V Sehwag",
              "bowler": "AG Murtaza",
              "non_striker": "KD Karthik",
              "runs": {
                "batter": 1,
                "extras": 0,
                "total": 1
              },
              "wickets": [
                {
                  "kind": "run out",
                  "player_out": "V Sehwag",
                  "fielders": [
                    {
                      "name": "KA Pollard"
                    },
                    {
                      "name": "C Madan"
                    }
                  ]
                }
              ]
            },
            {
              "batter": "AB de Villiers",
              "bowler": "AG Murtaza",
              "non_striker": "KD Karthik",
              "runs": {
                "batter": 1,
                "extras": 0,
                "total": 1
              }
            },
            {
              "batter": "KD Karthik",
              "bowler": "AG Murtaza",
              "non_striker": "AB de Villiers",
              "runs": {
                "batter": 1,
                "extras": 0,
                "total": 1
              }
            },
            {
              "batter": "AB de Villiers",
              "bowler": "AG Murtaza",
              "non_striker": "KD Karthik",
              "runs": {
                "batter": 1,
                "extras": 0,
                "total": 1
              }
            }
          ]
        },
        {
          "over": 8,
          "deliveries": [
            {
              "batter": "AB de Villiers",
              "bowler": "KA Pollard",
              "non_striker": "KD Karthik",
              "runs": {
                "batter": 1,
                "extras": 0,
                "total": 1
              }
            },
            {
              "batter": "KD Karthik",
              "bowler": "KA Pollard",
              "non_striker": "AB de Villiers",
              "runs": {
                "batter": 1,
                "extras": 0,
                "total": 1
              }
            },
            {
              "batter": "AB de Villiers",
              "bowler": "KA Pollard",
              "non_striker": "KD Karthik",
              "runs": {
                "batter": 0,
                "extras": 0,
                "total": 0
              }
            },
            {
              "batter": "AB de Villiers",
              "bowler": "KA Pollard",
              "non_striker": "KD Karthik",
              "runs": {
                "batter": 0,
                "extras": 0,
                "total": 0
              }
            },
            {
              "batter": "AB de Villiers",
              "bowler": "KA Pollard",
              "non_striker": "KD Karthik",
              "runs": {
                "batter": 1,
                "extras": 0,
                "total": 1
              }
            },
            {
              "batter": "KD Karthik",
              "bowler": "KA Pollard",
              "non_striker": "AB de Villiers",
              "runs": {
                "batter": 1,
                "extras": 0,
                "total": 1
              }
            }
          ]
        },
        {
          "over": 9,
          "deliveries": [
            {
              "batter": "KD Karthik",
              "bowler": "AG Murtaza",
              "extras": {
                "legbyes": 2
              },
              "non_striker": "AB de Villiers",
              "runs": {
                "batter": 0,
                "extras": 2,
                "total": 2
              }
            },
            {
              "batter": "KD Karthik",
              "bowler": "AG Murtaza",
              "non_striker": "AB de Villiers",
              "runs": {
                "batter": 1,
                "extras": 0,
                "total": 1
              }
            },
            {
              "batter": "AB de Villiers",
              "bowler": "AG Murtaza",
              "non_striker": "KD Karthik",
              "runs": {
                "batter": 0,
                "extras": 0,
                "total": 0
              },
              "wickets": [
                {
                  "kind": "lbw",
                  "player_out": "AB de Villiers"
                }
              ]
            },
            {
              "batter": "PD Collingwood",
              "bowler": "AG Murtaza",
              "non_striker": "KD Karthik",
              "runs": {
                "batter": 1,
                "extras": 0,
                "total": 1
              }
            },
            {
              "batter": "KD Karthik",
              "bowler": "AG Murtaza",
              "non_striker": "PD Collingwood",
              "runs": {
                "batter": 1,
                "extras": 0,
                "total": 1
              }
            },
            {
              "batter": "PD Collingwood",
              "bowler": "AG Murtaza",
              "non_striker": "KD Karthik",
              "runs": {
                "batter": 0,
                "extras": 0,
                "total": 0
              }
            }
          ]
        },
        {
          "over": 10,
          "deliveries": [
            {
              "batter": "KD Karthik",
              "bowler": "KA Pollard",
              "non_striker": "PD Collingwood",
              "runs": {
                "batter": 1,
                "extras": 0,
                "total": 1
              }
            },
            {
              "batter": "PD Collingwood",
              "bowler": "KA Pollard",
              "non_striker": "KD Karthik",
              "runs": {
                "batter": 1,
                "extras": 0,
                "total": 1
              }
            },
            {
              "batter": "KD Karthik",
              "bowler": "KA Pollard",
              "non_striker": "PD Collingwood",
              "runs": {
                "batter": 1,
                "extras": 0,
                "total": 1
              }
            },
            {
              "batter": "PD Collingwood",
              "bowler": "KA Pollard",
              "non_striker": "KD Karthik",
              "runs": {
                "batter": 0,
                "extras": 0,
                "total": 0
              }
            },
            {
              "batter": "PD Collingwood",
              "bowler": "KA Pollard",
              "non_striker": "KD Karthik",
              "runs": {
                "batter": 0,
                "extras": 0,
                "total": 0
              },
              "wickets": [
                {
                  "kind": "run out",
                  "player_out": "PD Collingwood",
                  "fielders": [
                    {
                      "name": "KA Pollard"
                    }
                  ]
                }
              ]
            },
            {
              "batter": "AB McDonald",
              "bowler": "KA Pollard",
              "non_striker": "KD Karthik",
              "runs": {
                "batter": 0,
                "extras": 0,
                "total": 0
              }
            }
          ]
        },
        {
          "over": 11,
          "deliveries": [
            {
              "batter": "KD Karthik",
              "bowler": "AG Murtaza",
              "non_striker": "AB McDonald",
              "runs": {
                "batter": 1,
                "extras": 0,
                "total": 1
              }
            },
            {
              "batter": "AB McDonald",
              "bowler": "AG Murtaza",
              "non_striker": "KD Karthik",
              "runs": {
                "batter": 1,
                "extras": 0,
                "total": 1
              }
            },
            {
              "batter": "KD Karthik",
              "bowler": "AG Murtaza",
              "non_striker": "AB McDonald",
              "runs": {
                "batter": 1,
                "extras": 0,
                "total": 1
              }
            },
            {
              "batter": "AB McDonald",
              "bowler": "AG Murtaza",
              "non_striker": "KD Karthik",
              "runs": {
                "batter": 0,
                "extras": 0,
                "total": 0
              }
            },
            {
              "batter": "AB McDonald",
              "bowler": "AG Murtaza",
              "non_striker": "KD Karthik",
              "runs": {
                "batter": 1,
                "extras": 0,
                "total": 1
              }
            },
            {
              "batter": "KD Karthik",
              "bowler": "AG Murtaza",
              "non_striker": "AB McDonald",
              "runs": {
                "batter": 0,
                "extras": 0,
                "total": 0
              },
              "wickets": [
                {
                  "kind": "bowled",
                  "player_out": "KD Karthik"
                }
              ]
            }
          ]
        },
        {
          "over": 12,
          "deliveries": [
            {
              "batter": "AB McDonald",
              "bowler": "KA Pollard",
              "non_striker": "A Mishra",
              "runs": {
                "batter": 0,
                "extras": 0,
                "total": 0
              }
            },
            {
              "batter": "AB McDonald",
              "bowler": "KA Pollard",
              "non_striker": "A Mishra",
              "runs": {
                "batter": 1,
                "extras": 0,
                "total": 1
              }
            },
            {
              "batter": "A Mishra",
              "bowler": "KA Pollard",
              "non_striker": "AB McDonald",
              "runs": {
                "batter": 0,
                "extras": 0,
                "total": 0
              }
            },
            {
              "batter": "A Mishra",
              "bowler": "KA Pollard",
              "non_striker": "AB McDonald",
              "runs": {
                "batter": 1,
                "extras": 0,
                "total": 1
              }
            },
            {
              "batter": "AB McDonald",
              "bowler": "KA Pollard",
              "non_striker": "A Mishra",
              "runs": {
                "batter": 1,
                "extras": 0,
                "total": 1
              }
            },
            {
              "batter": "A Mishra",
              "bowler": "KA Pollard",
              "non_striker": "AB McDonald",
              "runs": {
                "batter": 0,
                "extras": 0,
                "total": 0
              }
            }
          ]
        },
        {
          "over": 13,
          "deliveries": [
            {
              "batter": "AB McDonald",
              "bowler": "AG Murtaza",
              "non_striker": "A Mishra",
              "runs": {
                "batter": 1,
                "extras": 0,
                "total": 1
              }
            },
            {
              "batter": "A Mishra",
              "bowler": "AG Murtaza",
              "non_striker": "AB McDonald",
              "runs": {
                "batter": 1,
                "extras": 0,
                "total": 1
              }
            },
            {
              "batter": "AB McDonald",
              "bowler": "AG Murtaza",
              "non_striker": "A Mishra",
              "runs": {
                "batter": 1,
                "extras": 0,
                "total": 1
              }
            },
            {
              "batter": "A Mishra",
              "bowler": "AG Murtaza",
              "non_striker": "AB McDonald",
              "runs": {
                "batter": 1,
                "extras": 0,
                "total": 1
              }
            },
            {
              "batter": "AB McDonald",
              "bowler": "AG Murtaza",
              "non_striker": "A Mishra",
              "runs": {
                "batter": 1,
                "extras": 0,
                "total": 1
              }
            },
            {
              "batter": "A Mishra",
              "bowler": "AG Murtaza",
              "non_striker": "AB McDonald",
              "runs": {
                "batter": 1,
                "extras": 0,
                "total": 1
              }
            }
          ]
        },
        {
          "over": 14,
          "deliveries": [
            {
              "batter": "A Mishra",
              "bowler": "KA Pollard",
              "non_striker": "AB McDonald",
              "runs": {
                "batter": 1,
                "extras": 0,
                "total": 1
              }
            },
            {
              "batter": "AB McDonald",
              "bowler": "KA Pollard",
              "non_striker": "A Mishra",
              "runs": {
                "batter": 1,
                "extras": 0,
                "total": 1
              }
            },
            {
              "batter": "A Mishra",
              "bowler": "KA Pollard",
              "non_striker": "AB McDonald",
              "runs": {
                "batter": 0,
                "extras": 0,
                "total": 0
              }
            },
            {
              "batter": "A Mishra",
              "bowler": "KA Pollard",
              "non_striker": "AB McDonald",
              "runs": {
                "batter": 0,
                "extras": 0,
                "total": 0
              }
            },
            {
              "batter": "A Mishra",
              "bowler": "KA Pollard",
              "non_striker": "AB McDonald",
              "runs": {
                "batter": 1,
                "extras": 0,
                "total": 1
              }
            },
            {
              "batter": "AB McDonald",
              "bowler": "KA Pollard",
              "non_striker": "A Mishra",
              "runs": {
                "batter": 2,
                "extras": 0,
                "total": 2
              }
            }
          ]
        },
        {
          "over": 15,
          "deliveries": [
            {
              "batter": "A Mishra",
              "bowler": "Harbhajan Singh",
              "non_striker": "AB McDonald",
              "runs": {
                "batter": 1,
                "extras": 0,
                "total": 1
              }
            },
            {
              "batter": "AB McDonald",
              "bowler": "Harbhajan Singh",
              "non_striker": "A Mishra",
              "runs": {
                "batter": 1,
                "extras": 0,
                "total": 1
              }
            },
            {
              "batter": "A Mishra",
              "bowler": "Harbhajan Singh",
              "non_striker": "AB McDonald",
              "runs": {
                "batter": 1,
                "extras": 0,
                "total": 1
              }
            },
            {
              "batter": "AB McDonald",
              "bowler": "Harbhajan Singh",
              "non_striker": "A Mishra",
              "runs": {
                "batter": 1,
                "extras": 0,
                "total": 1
              }
            },
            {
              "batter": "A Mishra",
              "bowler": "Harbhajan Singh",
              "non_striker": "AB McDonald",
              "runs": {
                "batter": 1,
                "extras": 0,
                "total": 1
              }
            },
            {
              "batter": "AB McDonald",
              "bowler": "Harbhajan Singh",
              "non_striker": "A Mishra",
              "runs": {
                "batter": 0,
                "extras": 0,
                "total": 0
              }
            }
          ]
        },
        {
          "over": 16,
          "deliveries": [
            {
              "batter": "A Mishra",
              "bowler": "CRD Fernando",
              "non_striker": "AB McDonald",
              "runs": {
                "batter": 1,
                "extras": 0,
                "total": 1
              }
            },
            {
              "batter": "AB McDonald",
              "bowler": "CRD Fernando",
              "non_striker": "A Mishra",
              "runs": {
                "batter": 1,
                "extras": 0,
                "total": 1
              }
            },
            {
              "batter": "A Mishra",
              "bowler": "CRD Fernando",
              "extras": {
                "noballs": 1
              },
              "non_striker": "AB McDonald",
              "runs": {
                "batter": 1,
                "extras": 1,
                "total": 2
              }
            },
            {
              "batter": "AB McDonald",
              "bowler": "CRD Fernando",
              "non_striker": "A Mishra",
              "runs": {
                "batter": 1,
                "extras": 0,
                "total": 1
              }
            },
            {
              "batter": "A Mishra",
              "bowler": "CRD Fernando",
              "non_striker": "AB McDonald",
              "runs": {
                "batter": 1,
                "extras": 0,
                "total": 1
              }
            },
            {
              "batter": "AB McDonald",
              "bowler": "CRD Fernando",
              "non_striker": "A Mishra",
              "runs": {
                "batter": 1,
                "extras": 0,
                "total": 1
              }
            },
            {
              "batter": "A Mishra",
              "bowler": "CRD Fernando",
              "non_striker": "AB McDonald",
              "runs": {
                "batter": 0,
                "extras": 0,
                "total": 0
              },
              "wickets": [
                {
                  "kind": "bowled",
                  "player_out": "A Mishra"
                }
              ]
            }
          ]
        },
        {
          "over": 17,
          "deliveries": [
            {
              "batter": "AB McDonald",
              "bowler": "Harbhajan Singh",
              "non_striker": "PJ Sangwan",
              "runs": {
                "batter": 1,
                "extras": 0,
                "total": 1
              }
            },
            {
              "batter": "PJ Sangwan",
              "bowler": "Harbhajan Singh",
              "non_striker": "AB McDonald",
              "runs": {
                "batter": 1,
                "extras": 0,
                "total": 1
              }
            },
            {
              "batter": "AB McDonald",
              "bowler": "Harbhajan Singh",
              "non_striker": "PJ Sangwan",
              "runs": {
                "batter": 2,
                "extras": 0,
                "total": 2
              }
            },
            {
              "batter": "AB McDonald",
              "bowler": "Harbhajan Singh",
              "non_striker": "PJ Sangwan",
              "runs": {
                "batter": 0,
                "extras": 0,
                "total": 0
              }
            },
            {
              "batter": "AB McDonald",
              "bowler": "Harbhajan Singh",
              "non_striker": "PJ Sangwan",
              "runs": {
                "batter": 0,
                "extras": 0,
                "total": 0
              }
            },
            {
              "batter": "AB McDonald",
              "bowler": "Harbhajan Singh",
              "non_striker": "PJ Sangwan",
              "runs": {
                "batter": 1,
                "extras": 0,
                "total": 1
              }
            }
          ]
        },
        {
          "over": 18,
          "deliveries": [
            {
              "batter": "AB McDonald",
              "bowler": "CRD Fernando",
              "non_striker": "PJ Sangwan",
              "runs": {
                "batter": 1,
                "extras": 0,
                "total": 1
              }
            },
            {
              "batter": "PJ Sangwan",
              "bowler": "CRD Fernando",
              "non_striker": "AB McDonald",
              "runs": {
                "batter": 1,
                "extras": 0,
                "total": 1
              }
            },
            {
              "batter": "AB McDonald",
              "bowler": "CRD Fernando",
              "non_striker": "PJ Sangwan",
              "runs": {
                "batter": 1,
                "extras": 0,
                "total": 1
              }
            },
            {
              "batter": "PJ Sangwan",
              "bowler": "CRD Fernando",
              "non_striker": "AB McDonald",
              "runs": {
                "batter": 1,
                "extras": 0,
                "total": 1
              }
            },
            {
              "batter": "AB McDonald",
              "bowler": "CRD Fernando",
              "non_striker": "PJ Sangwan",
              "runs": {
                "batter": 1,
                "extras": 0,
                "total": 1
              }
            },
            {
              "batter": "PJ Sangwan",
              "bowler": "CRD Fernando",
              "non_striker": "AB McDonald",
              "runs": {
                "batter": 2,
                "extras": 0,
                "total": 2
              }
            }
          ]
        },
        {
          "over": 19,
          "deliveries": [
            {
              "batter": "AB McDonald",
              "bowler": "DJ Bravo",
              "non_striker": "PJ Sangwan",
              "runs": {
                "batter": 6,
                "extras": 0,
                "total": 6
              }
            },
            {
              "batter": "AB McDonald",
              "bowler": "DJ Bravo",
              "non_striker": "PJ Sangwan",
              "runs": {
                "batter": 1,
                "extras": 0,
                "total": 1
              }
            },
            {
              "batter": "PJ Sangwan",
              "bowler": "DJ Bravo",
              "non_striker": "AB McDonald",
              "runs": {
                "batter": 1,
                "extras": 0,
                "total": 1
              }
            },
            {
              "batter": "AB McDonald",
              "bowler": "DJ Bravo",
              "non_striker": "PJ Sangwan",
              "runs": {
                "batter": 0,
                "extras": 0,
                "total": 0
              }
            },
            {
              "batter": "AB McDonald",
              "bowler": "DJ Bravo",
              "non_striker": "PJ Sangwan",
              "runs": {
                "batter": 2,
                "extras": 0,
                "total": 2
              }
            },
            {
              "batter": "AB McDonald",
              "bowler": "DJ Bravo",
              "non_striker": "PJ Sangwan",
              "runs": {
                "batter": 2,
                "extras": 0,
                "total": 2
              }
            }
          ]
        }
      ],
      "powerplays": [
        {
          "from": 0.1,
          "to": 5.7,
          "type": "mandatory"
        }
      ],
      "target": {
        "overs": 20,
        "runs": 184
      }
    }
  ]
}