{
  "meta": {
    "data_version": "1.0.0",
    "created": "2011-04-29",
    "revision": 3
  },
  "info": {
    "balls_per_over": 6,
    "city": "Delhi",
    "dates": [
      "2010-04-18"
    ],
    "event": {
      "match_number": 55,
      "name": "Indian Premier League"
    },
    "gender": "male",
    "match_type": "T20",
    "officials": {
      "match_referees": [
        "S Venkataraghavan"
      ],
      "reserve_umpires": [
        "AK Chaudhary"
      ],
      "tv_umpires": [
        "S Ravi"
      ],
      "umpires": [
        "BR Doctrove",
        "SK Tarapore"
      ]
    },
    "outcome": {
      "by": {
        "runs": 11
      },
      "winner": "Deccan Chargers"
    },
    "overs": 20,
    "player_of_match": [
      "A Symonds"
    ],
    "players": {
      "Deccan Chargers": [
        "AC Gilchrist",
        "MD Mishra",
        "TL Suman",
        "RG Sharma",
        "A Symonds",
        "MR Marsh",
        "B Sumanth",
        "WPUJC Vaas",
        "R Sharma",
        "PP Ojha",
        "Harmeet Singh"
      ],
      "Delhi Daredevils": [
        "DA Warner",
        "V Sehwag",
        "TM Dilshan",
        "G Gambhir",
        "M Manhas",
        "PD Collingwood",
        "KD Karthik",
        "A Mishra",
        "A Nehra",
        "DP Nannes",
        "UT Yadav"
      ]
    },
    "registry": {
      "people": {
        "AK Chaudhary": "fdcc6236",
        "A Mishra": "6b19d823",
        "A Nehra": "96fd40ae",
        "A Symonds": "bd77eb62",
        "AC Gilchrist": "2b6e6dec",
        "B Sumanth": "f4f0fafd",
        "BR Doctrove": "cbebf805",
        "DA Warner": "dcce6f09",
        "DP Nannes": "c404f58a",
        "G Gambhir": "bb345e0b",
        "Harmeet Singh": "2a72fd4f",
        "KD Karthik": "c03f1114",
        "M Manhas": "c42aaf71",
        "MD Mishra": "6afb26d6",
        "MR Marsh": "3d8feaf8",
        "PD Collingwood": "a386e91b",
        "PP Ojha": "6c6591ab",
        "R Sharma": "5d9a1a73",
        "RG Sharma": "740742ef",
        "S Ravi": "9b9ee0df",
        "S Venkataraghavan": "12453319",
        "SK Tarapore": "62a824b4",
        "TL Suman": "aaa1b522",
        "TM Dilshan": "5bdcdb72",
        "UT Yadav": "cc1e8c68",
        "V Sehwag": "8ba8195d",
        "WPUJC Vaas": "bcce309e"
      }
    },
    "season": "2009/10",
    "team_type": "club",
    "teams": [
      "Delhi Daredevils",
      "Deccan Chargers"
    ],
    "toss": {
      "decision": "bat",
      "winner": "Deccan Chargers"
    },
    "venue": "Feroz Shah Kotla"
  },
  "innings": [
    {
      "team": "Deccan Chargers",
      "overs": [
        {
          "over": 0,
          "deliveries": [
            {
              "batter": "AC Gilchrist",
              "bowler": "DP Nannes",
              "non_striker": "MD Mishra",
              "runs": {
                "batter": 0,
                "extras": 0,
                "total": 0
              }
            },
            {
              "batter": "AC Gilchrist",
              "bowler": "DP Nannes",
              "non_striker": "MD Mishra",
              "runs": {
                "batter": 1,
                "extras": 0,
                "total": 1
              }
            },
            {
              "batter": "MD Mishra",
              "bowler": "DP Nannes",
              "non_striker": "AC Gilchrist",
              "runs": {
                "batter": 1,
                "extras": 0,
                "total": 1
              }
            },
            {
              "batter": "AC Gilchrist",
              "bowler": "DP Nannes",
              "non_striker": "MD Mishra",
              "runs": {
                "batter": 0,
                "extras": 0,
                "total": 0
              }
            },
            {
              "batter": "AC Gilchrist",
              "bowler": "DP Nannes",
              "non_striker": "MD Mishra",
              "runs": {
                "batter": 4,
                "extras": 0,
                "total": 4
              }
            },
            {
              "batter": "AC Gilchrist",
              "bowler": "DP Nannes",
              "non_striker": "MD Mishra",
              "runs": {
                "batter": 1,
                "extras": 0,
                "total": 1
              }
            }
          ]
        },
        {
          "over": 1,
          "deliveries": [
            {
              "batter": "AC Gilchrist",
              "bowler": "A Nehra",
              "non_striker": "MD Mishra",
              "runs": {
                "batter": 0,
                "extras": 0,
                "total": 0
              }
            },
            {
              "batter": "AC Gilchrist",
              "bowler": "A Nehra",
              "non_striker": "MD Mishra",
              "runs": {
                "batter": 4,
                "extras": 0,
                "total": 4
              }
            },
            {
              "batter": "AC Gilchrist",
              "bowler": "A Nehra",
              "non_striker": "MD Mishra",
              "runs": {
                "batter": 0,
                "extras": 0,
                "total": 0
              }
            },
            {
              "batter": "AC Gilchrist",
              "bowler": "A Nehra",
              "non_striker": "MD Mishra",
              "runs": {
                "batter": 0,
                "extras": 0,
                "total": 0
              },
              "wickets": [
                {
                  "kind": "caught",
                  "player_out": "AC Gilchrist",
                  "fielders": [
                    {
                      "name": "G Gambhir"
                    }
                  ]
                }
              ]
            },
            {
              "batter": "TL Suman",
              "bowler": "A Nehra",
              "non_striker": "MD Mishra",
              "runs": {
                "batter": 0,
                "extras": 0,
                "total": 0
              }
            },
            {
              "batter": "TL Suman",
              "bowler": "A Nehra",
              "non_striker": "MD Mishra",
              "runs": {
                "batter": 4,
                "extras": 0,
                "total": 4
              }
            }
          ]
        },
        {
          "over": 2,
          "deliveries": [
            {
              "batter": "MD Mishra",
              "bowler": "DP Nannes",
              "non_striker": "TL Suman",
              "runs": {
                "batter": 0,
                "extras": 0,
                "total": 0
              }
            },
            {
              "batter": "MD Mishra",
              "bowler": "DP Nannes",
              "non_striker": "TL Suman",
              "runs": {
                "batter": 0,
                "extras": 0,
                "total": 0
              }
            },
            {
              "batter": "MD Mishra",
              "bowler": "DP Nannes",
              "non_striker": "TL Suman",
              "runs": {
                "batter": 1,
                "extras": 0,
                "total": 1
              }
            },
            {
              "batter": "TL Suman",
              "bowler": "DP Nannes",
              "non_striker": "MD Mishra",
              "runs": {
                "batter": 0,
                "extras": 0,
                "total": 0
              }
            },
            {
              "batter": "TL Suman",
              "bowler": "DP Nannes",
              "non_striker": "MD Mishra",
              "runs": {
                "batter": 1,
                "extras": 0,
                "total": 1
              }
            },
            {
              "batter": "MD Mishra",
              "bowler": "DP Nannes",
              "non_striker": "TL Suman",
              "runs": {
                "batter": 1,
                "extras": 0,
                "total": 1
              }
            }
          ]
        },
        {
          "over": 3,
          "deliveries": [
            {
              "batter": "MD Mishra",
              "bowler": "A Nehra",
              "non_striker": "TL Suman",
              "runs": {
                "batter": 1,
                "extras": 0,
                "total": 1
              }
            },
            {
              "batter": "TL Suman",
              "bowler": "A Nehra",
              "extras": {
                "legbyes": 1
              },
              "non_striker": "MD Mishra",
              "runs": {
                "batter": 0,
                "extras": 1,
                "total": 1
              }
            },
            {
              "batter": "MD Mishra",
              "bowler": "A Nehra",
              "non_striker": "TL Suman",
              "runs": {
                "batter": 0,
                "extras": 0,
                "total": 0
              }
            },
            {
              "batter": "MD Mishra",
              "bowler": "A Nehra",
              "non_striker": "TL Suman",
              "runs": {
                "batter": 6,
                "extras": 0,
                "total": 6
              }
            },
            {
              "batter": "MD Mishra",
              "bowler": "A Nehra",
              "non_striker": "TL Suman",
              "runs": {
                "batter": 2,
                "extras": 0,
                "total": 2
              }
            },
            {
              "batter": "MD Mishra",
              "bowler": "A Nehra",
              "non_striker": "TL Suman",
              "runs": {
                "batter": 4,
                "extras": 0,
                "total": 4
              }
            }
          ]
        },
        {
          "over": 4,
          "deliveries": [
            {
              "batter": "TL Suman",
              "bowler": "UT Yadav",
              "non_striker": "MD Mishra",
              "runs": {
                "batter": 0,
                "extras": 0,
                "total": 0
              },
              "wickets": [
                {
                  "kind": "bowled",
                  "player_out": "TL Suman"
                }
              ]
            },
            {
              "batter": "RG Sharma",
              "bowler": "UT Yadav",
              "non_striker": "MD Mishra",
              "runs": {
                "batter": 0,
                "extras": 0,
                "total": 0
              }
            },
            {
              "batter": "RG Sharma",
              "bowler": "UT Yadav",
              "non_striker": "MD Mishra",
              "runs": {
                "batter": 0,
                "extras": 0,
                "total": 0
              }
            },
            {
              "batter": "RG Sharma",
              "bowler": "UT Yadav",
              "non_striker": "MD Mishra",
              "runs": {
                "batter": 1,
                "extras": 0,
                "total": 1
              }
            },
            {
              "batter": "MD Mishra",
              "bowler": "UT Yadav",
              "non_striker": "RG Sharma",
              "runs": {
                "batter": 0,
                "extras": 0,
                "total": 0
              }
            },
            {
              "batter": "MD Mishra",
              "bowler": "UT Yadav",
              "non_striker": "RG Sharma",
              "runs": {
                "batter": 1,
                "extras": 0,
                "total": 1
              }
            }
          ]
        },
        {
          "over": 5,
          "deliveries": [
            {
              "batter": "MD Mishra",
              "bowler": "A Mishra",
              "non_striker": "RG Sharma",
              "runs": {
                "batter": 1,
                "extras": 0,
                "total": 1
              }
            },
            {
              "batter": "RG Sharma",
              "bowler": "A Mishra",
              "non_striker": "MD Mishra",
              "runs": {
                "batter": 0,
                "extras": 0,
                "total": 0
              }
            },
            {
              "batter": "RG Sharma",
              "bowler": "A Mishra",
              "non_striker": "MD Mishra",
              "runs": {
                "batter": 1,
                "extras": 0,
                "total": 1
              }
            },
            {
              "batter": "MD Mishra",
              "bowler": "A Mishra",
              "non_striker": "RG Sharma",
              "runs": {
                "batter": 1,
                "extras": 0,
                "total": 1
              }
            },
            {
              "batter": "RG Sharma",
              "bowler": "A Mishra",
              "non_striker": "MD Mishra",
              "runs": {
                "batter": 1,
                "extras": 0,
                "total": 1
              }
            },
            {
              "batter": "MD Mishra",
              "bowler": "A Mishra",
              "non_striker": "RG Sharma",
              "runs": {
                "batter": 0,
                "extras": 0,
                "total": 0
              }
            }
          ]
        },
        {
          "over": 6,
          "deliveries": [
            {
              "batter": "RG Sharma",
              "bowler": "UT Yadav",
              "non_striker": "MD Mishra",
              "runs": {
                "batter": 4,
                "extras": 0,
                "total": 4
              }
            },
            {
              "batter": "RG Sharma",
              "bowler": "UT Yadav",
              "non_striker": "MD Mishra",
              "runs": {
                "batter": 4,
                "extras": 0,
                "total": 4
              }
            },
            {
              "batter": "RG Sharma",
              "bowler": "UT Yadav",
              "extras": {
                "wides": 1
              },
              "non_striker": "MD Mishra",
              "runs": {
                "batter": 0,
                "extras": 1,
                "total": 1
              }
            },
            {
              "batter": "RG Sharma",
              "bowler": "UT Yadav",
              "non_striker": "MD Mishra",
              "runs": {
                "batter": 0,
                "extras": 0,
                "total": 0
              },
              "wickets": [
                {
                  "kind": "caught",
                  "player_out": "RG Sharma",
                  "fielders": [
                    {
                      "name": "KD Karthik"
                    }
                  ]
                }
              ]
            },
            {
              "batter": "A Symonds",
              "bowler": "UT Yadav",
              "non_striker": "MD Mishra",
              "runs": {
                "batter": 0,
                "extras": 0,
                "total": 0
              }
            },
            {
              "batter": "A Symonds",
              "bowler": "UT Yadav",
              "non_striker": "MD Mishra",
              "runs": {
                "batter": 4,
                "extras": 0,
                "total": 4
              }
            },
            {
              "batter": "A Symonds",
              "bowler": "UT Yadav",
              "non_striker": "MD Mishra",
              "runs": {
                "batter": 1,
                "extras": 0,
                "total": 1
              }
            }
          ]
        },
        {
          "over": 7,
          "deliveries": [
            {
              "batter": "A Symonds",
              "bowler": "A Mishra",
              "non_striker": "MD Mishra",
              "runs": {
                "batter": 0,
                "extras": 0,
                "total": 0
              }
            },
            {
              "batter": "A Symonds",
              "bowler": "A Mishra",
              "non_striker": "MD Mishra",
              "runs": {
                "batter": 6,
                "extras": 0,
                "total": 6
              }
            },
            {
              "batter": "A Symonds",
              "bowler": "A Mishra",
              "non_striker": "MD Mishra",
              "runs": {
                "batter": 0,
                "extras": 0,
                "total": 0
              }
            },
            {
              "batter": "A Symonds",
              "bowler": "A Mishra",
              "non_striker": "MD Mishra",
              "runs": {
                "batter": 1,
                "extras": 0,
                "total": 1
              }
            },
            {
              "batter": "MD Mishra",
              "bowler": "A Mishra",
              "non_striker": "A Symonds",
              "runs": {
                "batter": 1,
                "extras": 0,
                "total": 1
              }
            },
            {
              "batter": "A Symonds",
              "bowler": "A Mishra",
              "non_striker": "MD Mishra",
              "runs": {
                "batter": 0,
                "extras": 0,
                "total": 0
              }
            }
          ]
        },
        {
          "over": 8,
          "deliveries": [
            {
              "batter": "MD Mishra",
              "bowler": "UT Yadav",
              "non_striker": "A Symonds",
              "runs": {
                "batter": 1,
                "extras": 0,
                "total": 1
              }
            },
            {
              "batter": "A Symonds",
              "bowler": "UT Yadav",
              "non_striker": "MD Mishra",
              "runs": {
                "batter": 0,
                "extras": 0,
                "total": 0
              }
            },
            {
              "batter": "A Symonds",
              "bowler": "UT Yadav",
              "non_striker": "MD Mishra",
              "runs": {
                "batter": 0,
                "extras": 0,
                "total": 0
              }
            },
            {
              "batter": "A Symonds",
              "bowler": "UT Yadav",
              "non_striker": "MD Mishra",
              "runs": {
                "batter": 1,
                "extras": 0,
                "total": 1
              }
            },
            {
              "batter": "MD Mishra",
              "bowler": "UT Yadav",
              "non_striker": "A Symonds",
              "runs": {
                "batter": 4,
                "extras": 0,
                "total": 4
              }
            },
            {
              "batter": "MD Mishra",
              "bowler": "UT Yadav",
              "non_striker": "A Symonds",
              "runs": {
                "batter": 0,
                "extras": 0,
                "total": 0
              },
              "wickets": [
                {
                  "kind": "run out",
                  "player_out": "MD Mishra",
                  "fielders": [
                    {
                      "name": "M Manhas"
                    }
                  ]
                }
              ]
            }
          ]
        },
        {
          "over": 9,
          "deliveries": [
            {
              "batter": "MR Marsh",
              "bowler": "A Mishra",
              "non_striker": "A Symonds",
              "runs": {
                "batter": 0,
                "extras": 0,
                "total": 0
              }
            },
            {
              "batter": "MR Marsh",
              "bowler": "A Mishra",
              "non_striker": "A Symonds",
              "runs": {
                "batter": 1,
                "extras": 0,
                "total": 1
              }
            },
            {
              "batter": "A Symonds",
              "bowler": "A Mishra",
              "non_striker": "MR Marsh",
              "runs": {
                "batter": 1,
                "extras": 0,
                "total": 1
              }
            },
            {
              "batter": "MR Marsh",
              "bowler": "A Mishra",
              "non_striker": "A Symonds",
              "runs": {
                "batter": 1,
                "extras": 0,
                "total": 1
              }
            },
            {
              "batter": "A Symonds",
              "bowler": "A Mishra",
              "non_striker": "MR Marsh",
              "runs": {
                "batter": 6,
                "extras": 0,
                "total": 6
              }
            },
            {
              "batter": "A Symonds",
              "bowler": "A Mishra",
              "non_striker": "MR Marsh",
              "runs": {
                "batter": 4,
                "extras": 0,
                "total": 4
              }
            }
          ]
        },
        {
          "over": 10,
          "deliveries": [
            {
              "batter": "MR Marsh",
              "bowler": "PD Collingwood",
              "non_striker": "A Symonds",
              "runs": {
                "batter": 1,
                "extras": 0,
                "total": 1
              }
            },
            {
              "batter": "A Symonds",
              "bowler": "PD Collingwood",
              "non_striker": "MR Marsh",
              "runs": {
                "batter": 2,
                "extras": 0,
                "total": 2
              }
            },
            {
              "batter": "A Symonds",
              "bowler": "PD Collingwood",
              "non_striker": "MR Marsh",
              "runs": {
                "batter": 0,
                "extras": 0,
                "total": 0
              }
            },
            {
              "batter": "A Symonds",
              "bowler": "PD Collingwood",
              "non_striker": "MR Marsh",
              "runs": {
                "batter": 1,
                "extras": 0,
                "total": 1
              }
            },
            {
              "batter": "MR Marsh",
              "bowler": "PD Collingwood",
              "non_striker": "A Symonds",
              "runs": {
                "batter": 1,
                "extras": 0,
                "total": 1
              }
            },
            {
              "batter": "A Symonds",
              "bowler": "PD Collingwood",
              "non_striker": "MR Marsh",
              "runs": {
                "batter": 1,
                "extras": 0,
                "total": 1
              }
            }
          ]
        },
        {
          "over": 11,
          "deliveries": [
            {
              "batter": "A Symonds",
              "bowler": "TM Dilshan",
              "non_striker": "MR Marsh",
              "runs": {
                "batter": 0,
                "extras": 0,
                "total": 0
              }
            },
            {
              "batter": "A Symonds",
              "bowler": "TM Dilshan",
              "non_striker": "MR Marsh",
              "runs": {
                "batter": 6,
                "extras": 0,
                "total": 6
              }
            },
            {
              "batter": "A Symonds",
              "bowler": "TM Dilshan",
              "non_striker": "MR Marsh",
              "runs": {
                "batter": 0,
                "extras": 0,
                "total": 0
              }
            },
            {
              "batter": "A Symonds",
              "bowler": "TM Dilshan",
              "non_striker": "MR Marsh",
              "runs": {
                "batter": 1,
                "extras": 0,
                "total": 1
              }
            },
            {
              "batter": "MR Marsh",
              "bowler": "TM Dilshan",
              "non_striker": "A Symonds",
              "runs": {
                "batter": 1,
                "extras": 0,
                "total": 1
              }
            },
            {
              "batter": "A Symonds",
              "bowler": "TM Dilshan",
              "non_striker": "MR Marsh",
              "runs": {
                "batter": 6,
                "extras": 0,
                "total": 6
              }
            }
          ]
        },
        {
          "over": 12,
          "deliveries": [
            {
              "batter": "MR Marsh",
              "bowler": "PD Collingwood",
              "non_striker": "A Symonds",
              "runs": {
                "batter": 1,
                "extras": 0,
                "total": 1
              }
            },
            {
              "batter": "A Symonds",
              "bowler": "PD Collingwood",
              "non_striker": "MR Marsh",
              "runs": {
                "batter": 6,
                "extras": 0,
                "total": 6
              }
            },
            {
              "batter": "A Symonds",
              "bowler": "PD Collingwood",
              "non_striker": "MR Marsh",
              "runs": {
                "batter": 0,
                "extras": 0,
                "total": 0
              }
            },
            {
              "batter": "A Symonds",
              "bowler": "PD Collingwood",
              "non_striker": "MR Marsh",
              "runs": {
                "batter": 4,
                "extras": 0,
                "total": 4
              }
            },
            {
              "batter": "A Symonds",
              "bowler": "PD Collingwood",
              "non_striker": "MR Marsh",
              "runs": {
                "batter": 1,
                "extras": 0,
                "total": 1
              }
            },
            {
              "batter": "MR Marsh",
              "bowler": "PD Collingwood",
              "non_striker": "A Symonds",
              "runs": {
                "batter": 1,
                "extras": 0,
                "total": 1
              }
            }
          ]
        },
        {
          "over": 13,
          "deliveries": [
            {
              "batter": "MR Marsh",
              "bowler": "DP Nannes",
              "non_striker": "A Symonds",
              "runs": {
                "batter": 0,
                "extras": 0,
                "total": 0
              }
            },
            {
              "batter": "MR Marsh",
              "bowler": "DP Nannes",
              "non_striker": "A Symonds",
              "runs": {
                "batter": 1,
                "extras": 0,
                "total": 1
              }
            },
            {
              "batter": "A Symonds",
              "bowler": "DP Nannes",
              "non_striker": "MR Marsh",
              "runs": {
                "batter": 1,
                "extras": 0,
                "total": 1
              }
            },
            {
              "batter": "MR Marsh",
              "bowler": "DP Nannes",
              "non_striker": "A Symonds",
              "runs": {
                "batter": 0,
                "extras": 0,
                "total": 0
              }
            },
            {
              "batter": "MR Marsh",
              "bowler": "DP Nannes",
              "non_striker": "A Symonds",
              "runs": {
                "batter": 0,
                "extras": 0,
                "total": 0
              }
            },
            {
              "batter": "MR Marsh",
              "bowler": "DP Nannes",
              "non_striker": "A Symonds",
              "runs": {
                "batter": 0,
                "extras": 0,
                "total": 0
              }
            }
          ]
        },
        {
          "over": 14,
          "deliveries": [
            {
              "batter": "A Symonds",
              "bowler": "A Mishra",
              "non_striker": "MR Marsh",
              "runs": {
                "batter": 1,
                "extras": 0,
                "total": 1
              }
            },
            {
              "batter": "MR Marsh",
              "bowler": "A Mishra",
              "non_striker": "A Symonds",
              "runs": {
                "batter": 1,
                "extras": 0,
                "total": 1
              }
            },
            {
              "batter": "A Symonds",
              "bowler": "A Mishra",
              "non_striker": "MR Marsh",
              "runs": {
                "batter": 0,
                "extras": 0,
                "total": 0
              },
              "wickets": [
                {
                  "kind": "caught",
                  "player_out": "A Symonds",
                  "fielders": [
                    {
                      "name": "M Manhas"
                    }
                  ]
                }
              ]
            },
            {
              "batter": "MR Marsh",
              "bowler": "A Mishra",
              "non_striker": "B Sumanth",
              "runs": {
                "batter": 1,
                "extras": 0,
                "total": 1
              }
            },
            {
              "batter": "B Sumanth",
              "bowler": "A Mishra",
              "non_striker": "MR Marsh",
              "runs": {
                "batter": 0,
                "extras": 0,
                "total": 0
              }
            },
            {
              "batter": "B Sumanth",
              "bowler": "A Mishra",
              "non_striker": "MR Marsh",
              "runs": {
                "batter": 0,
                "extras": 0,
                "total": 0
              }
            }
          ]
        },
        {
          "over": 15,
          "deliveries": [
            {
              "batter": "MR Marsh",
              "bowler": "A Nehra",
              "non_striker": "B Sumanth",
              "runs": {
                "batter": 2,
                "extras": 0,
                "total": 2
              }
            },
            {
              "batter": "MR Marsh",
              "bowler": "A Nehra",
              "non_striker": "B Sumanth",
              "runs": {
                "batter": 0,
                "extras": 0,
                "total": 0
              }
            },
            {
              "batter": "MR Marsh",
              "bowler": "A Nehra",
              "non_striker": "B Sumanth",
              "runs": {
                "batter": 1,
                "extras": 0,
                "total": 1
              }
            },
            {
              "batter": "B Sumanth",
              "bowler": "A Nehra",
              "non_striker": "MR Marsh",
              "runs": {
                "batter": 0,
                "extras": 0,
                "total": 0
              }
            },
            {
              "batter": "B Sumanth",
              "bowler": "A Nehra",
              "non_striker": "MR Marsh",
              "runs": {
                "batter": 1,
                "extras": 0,
                "total": 1
              }
            },
            {
              "batter": "MR Marsh",
              "bowler": "A Nehra",
              "non_striker": "B Sumanth",
              "runs": {
                "batter": 0,
                "extras": 0,
                "total": 0
              },
              "wickets": [
                {
                  "kind": "caught",
                  "player_out": "MR Marsh",
                  "fielders": [
                    {
                      "name": "M Manhas"
                    }
                  ]
                }
              ]
            }
          ]
        },
        {
          "over": 16,
          "deliveries": [
            {
              "batter": "WPUJC Vaas",
              "bowler": "UT Yadav",
              "non_striker": "B Sumanth",
              "runs": {
                "batter": 0,
                "extras": 0,
                "total": 0
              }
            },
            {
              "batter": "WPUJC Vaas",
              "bowler": "UT Yadav",
              "non_striker": "B Sumanth",
              "runs": {
                "batter": 0,
                "extras": 0,
                "total": 0
              }
            },
            {
              "batter": "WPUJC Vaas",
              "bowler": "UT Yadav",
              "non_striker": "B Sumanth",
              "runs": {
                "batter": 0,
                "extras": 0,
                "total": 0
              }
            },
            {
              "batter": "WPUJC Vaas",
              "bowler": "UT Yadav",
              "extras": {
                "legbyes": 1
              },
              "non_striker": "B Sumanth",
              "runs": {
                "batter": 0,
                "extras": 1,
                "total": 1
              }
            },
            {
              "batter": "B Sumanth",
              "bowler": "UT Yadav",
              "non_striker": "WPUJC Vaas",
              "runs": {
                "batter": 1,
                "extras": 0,
                "total": 1
              }
            },
            {
              "batter": "WPUJC Vaas",
              "bowler": "UT Yadav",
              "non_striker": "B Sumanth",
              "runs": {
                "batter": 1,
                "extras": 0,
                "total": 1
              }
            }
          ]
        },
        {
          "over": 17,
          "deliveries": [
            {
              "batter": "WPUJC Vaas",
              "bowler": "PD Collingwood",
              "non_striker": "B Sumanth",
              "runs": {
                "batter": 1,
                "extras": 0,
                "total": 1
              }
            },
            {
              "batter": "B Sumanth",
              "bowler": "PD Collingwood",
              "non_striker": "WPUJC Vaas",
              "runs": {
                "batter": 1,
                "extras": 0,
                "total": 1
              }
            },
            {
              "batter": "WPUJC Vaas",
              "bowler": "PD Collingwood",
              "non_striker": "B Sumanth",
              "runs": {
                "batter": 1,
                "extras": 0,
                "total": 1
              }
            },
            {
              "batter": "B Sumanth",
              "bowler": "PD Collingwood",
              "non_striker": "WPUJC Vaas",
              "runs": {
                "batter": 0,
                "extras": 0,
                "total": 0
              }
            },
            {
              "batter": "B Sumanth",
              "bowler": "PD Collingwood",
              "non_striker": "WPUJC Vaas",
              "runs": {
                "batter": 1,
                "extras": 0,
                "total": 1
              }
            },
            {
              "batter": "WPUJC Vaas",
              "bowler": "PD Collingwood",
              "non_striker": "B Sumanth",
              "runs": {
                "batter": 0,
                "extras": 0,
                "total": 0
              },
              "wickets": [
                {
                  "kind": "caught",
                  "player_out": "WPUJC Vaas",
                  "fielders": [
                    {
                      "name": "A Nehra"
                    }
                  ]
                }
              ]
            }
          ]
        },
        {
          "over": 18,
          "deliveries": [
            {
              "batter": "R Sharma",
              "bowler": "DP Nannes",
              "non_striker": "B Sumanth",
              "runs": {
                "batter": 0,
                "extras": 0,
                "total": 0
              }
            },
            {
              "batter": "R Sharma",
              "bowler": "DP Nannes",
              "non_striker": "B Sumanth",
              "runs": {
                "batter": 4,
                "extras": 0,
                "total": 4
              }
            },
            {
              "batter": "R Sharma",
              "bowler": "DP Nannes",
              "non_striker": "B Sumanth",
              "runs": {
                "batter": 1,
                "extras": 0,
                "total": 1
              }
            },
            {
              "batter": "B Sumanth",
              "bowler": "DP Nannes",
              "non_striker": "R Sharma",
              "runs": {
                "batter": 0,
                "extras": 0,
                "total": 0
              }
            },
            {
              "batter": "B Sumanth",
              "bowler": "DP Nannes",
              "non_striker": "R Sharma",
              "runs": {
                "batter": 1,
                "extras": 0,
                "total": 1
              }
            },
            {
              "batter": "R Sharma",
              "bowler": "DP Nannes",
              "non_striker": "B Sumanth",
              "runs": {
                "batter": 4,
                "extras": 0,
                "total": 4
              }
            }
          ]
        },
        {
          "over": 19,
          "deliveries": [
            {
              "batter": "B Sumanth",
              "bowler": "A Nehra",
              "non_striker": "R Sharma",
              "runs": {
                "batter": 1,
                "extras": 0,
                "total": 1
              }
            },
            {
              "batter": "R Sharma",
              "bowler": "A Nehra",
              "non_striker": "B Sumanth",
              "runs": {
                "batter": 0,
                "extras": 0,
                "total": 0
              }
            },
            {
              "batter": "R Sharma",
              "bowler": "A Nehra",
              "non_striker": "B Sumanth",
              "runs": {
                "batter": 2,
                "extras": 0,
                "total": 2
              }
            },
            {
              "batter": "R Sharma",
              "bowler": "A Nehra",
              "non_striker": "B Sumanth",
              "runs": {
                "batter": 2,
                "extras": 0,
                "total": 2
              }
            },
            {
              "batter": "R Sharma",
              "bowler": "A Nehra",
              "non_striker": "B Sumanth",
              "runs": {
                "batter": 1,
                "extras": 0,
                "total": 1
              }
            },
            {
              "batter": "B Sumanth",
              "bowler": "A Nehra",
              "non_striker": "R Sharma",
              "runs": {
                "batter": 1,
                "extras": 0,
                "total": 1
              }
            }
          ]
        }
      ],
      "powerplays": [
        {
          "from": 0.1,
          "to": 5.6,
          "type": "mandatory"
        }
      ]
    },
    {
      "team": "Delhi Daredevils",
      "overs": [
        {
          "over": 0,
          "deliveries": [
            {
              "batter": "DA Warner",
              "bowler": "WPUJC Vaas",
              "non_striker": "V Sehwag",
              "runs": {
                "batter": 0,
                "extras": 0,
                "total": 0
              }
            },
            {
              "batter": "DA Warner",
              "bowler": "WPUJC Vaas",
              "non_striker": "V Sehwag",
              "runs": {
                "batter": 1,
                "extras": 0,
                "total": 1
              }
            },
            {
              "batter": "V Sehwag",
              "bowler": "WPUJC Vaas",
              "non_striker": "DA Warner",
              "runs": {
                "batter": 0,
                "extras": 0,
                "total": 0
              }
            },
            {
              "batter": "V Sehwag",
              "bowler": "WPUJC Vaas",
              "non_striker": "DA Warner",
              "runs": {
                "batter": 0,
                "extras": 0,
                "total": 0
              }
            },
            {
              "batter": "V Sehwag",
              "bowler": "WPUJC Vaas",
              "non_striker": "DA Warner",
              "runs": {
                "batter": 0,
                "extras": 0,
                "total": 0
              }
            },
            {
              "batter": "V Sehwag",
              "bowler": "WPUJC Vaas",
              "non_striker": "DA Warner",
              "runs": {
                "batter": 4,
                "extras": 0,
                "total": 4
              }
            }
          ]
        },
        {
          "over": 1,
          "deliveries": [
            {
              "batter": "DA Warner",
              "bowler": "MR Marsh",
              "non_striker": "V Sehwag",
              "runs": {
                "batter": 4,
                "extras": 0,
                "total": 4
              }
            },
            {
              "batter": "DA Warner",
              "bowler": "MR Marsh",
              "non_striker": "V Sehwag",
              "runs": {
                "batter": 0,
                "extras": 0,
                "total": 0
              },
              "wickets": [
                {
                  "kind": "caught",
                  "player_out": "DA Warner",
                  "fielders": [
                    {
                      "name": "RG Sharma"
                    }
                  ]
                }
              ]
            },
            {
              "batter": "TM Dilshan",
              "bowler": "MR Marsh",
              "non_striker": "V Sehwag",
              "runs": {
                "batter": 0,
                "extras": 0,
                "total": 0
              }
            },
            {
              "batter": "TM Dilshan",
              "bowler": "MR Marsh",
              "non_striker": "V Sehwag",
              "runs": {
                "batter": 0,
                "extras": 0,
                "total": 0
              }
            },
            {
              "batter": "TM Dilshan",
              "bowler": "MR Marsh",
              "non_striker": "V Sehwag",
              "runs": {
                "batter": 4,
                "extras": 0,
                "total": 4
              }
            },
            {
              "batter": "TM Dilshan",
              "bowler": "MR Marsh",
              "non_striker": "V Sehwag",
              "runs": {
                "batter": 1,
                "extras": 0,
                "total": 1
              }
            }
          ]
        },
        {
          "over": 2,
          "deliveries": [
            {
              "batter": "TM Dilshan",
              "bowler": "WPUJC Vaas",
              "non_striker": "V Sehwag",
              "runs": {
                "batter": 0,
                "extras": 0,
                "total": 0
              }
            },
            {
              "batter": "TM Dilshan",
              "bowler": "WPUJC Vaas",
              "non_striker": "V Sehwag",
              "runs": {
                "batter": 1,
                "extras": 0,
                "total": 1
              }
            },
            {
              "batter": "V Sehwag",
              "bowler": "WPUJC Vaas",
              "non_striker": "TM Dilshan",
              "runs": {
                "batter": 4,
                "extras": 0,
                "total": 4
              }
            },
            {
              "batter": "V Sehwag",
              "bowler": "WPUJC Vaas",
              "non_striker": "TM Dilshan",
              "runs": {
                "batter": 0,
                "extras": 0,
                "total": 0
              },
              "wickets": [
                {
                  "kind": "caught",
                  "player_out": "V Sehwag",
                  "fielders": [
                    {
                      "name": "RG Sharma"
                    }
                  ]
                }
              ]
            },
            {
              "batter": "G Gambhir",
              "bowler": "WPUJC Vaas",
              "non_striker": "TM Dilshan",
              "runs": {
                "batter": 1,
                "extras": 0,
                "total": 1
              }
            },
            {
              "batter": "TM Dilshan",
              "bowler": "WPUJC Vaas",
              "non_striker": "G Gambhir",
              "runs": {
                "batter": 1,
                "extras": 0,
                "total": 1
              }
            }
          ]
        },
        {
          "over": 3,
          "deliveries": [
            {
              "batter": "TM Dilshan",
              "bowler": "Harmeet Singh",
              "non_striker": "G Gambhir",
              "runs": {
                "batter": 4,
                "extras": 0,
                "total": 4
              }
            },
            {
              "batter": "TM Dilshan",
              "bowler": "Harmeet Singh",
              "non_striker": "G Gambhir",
              "runs": {
                "batter": 0,
                "extras": 0,
                "total": 0
              }
            },
            {
              "batter": "TM Dilshan",
              "bowler": "Harmeet Singh",
              "non_striker": "G Gambhir",
              "runs": {
                "batter": 0,
                "extras": 0,
                "total": 0
              }
            },
            {
              "batter": "TM Dilshan",
              "bowler": "Harmeet Singh",
              "non_striker": "G Gambhir",
              "runs": {
                "batter": 0,
                "extras": 0,
                "total": 0
              },
              "wickets": [
                {
                  "kind": "lbw",
                  "player_out": "TM Dilshan"
                }
              ]
            },
            {
              "batter": "M Manhas",
              "bowler": "Harmeet Singh",
              "non_striker": "G Gambhir",
              "runs": {
                "batter": 4,
                "extras": 0,
                "total": 4
              }
            },
            {
              "batter": "M Manhas",
              "bowler": "Harmeet Singh",
              "non_striker": "G Gambhir",
              "runs": {
                "batter": 4,
                "extras": 0,
                "total": 4
              }
            }
          ]
        },
        {
          "over": 4,
          "deliveries": [
            {
              "batter": "G Gambhir",
              "bowler": "WPUJC Vaas",
              "non_striker": "M Manhas",
              "runs": {
                "batter": 1,
                "extras": 0,
                "total": 1
              }
            },
            {
              "batter": "M Manhas",
              "bowler": "WPUJC Vaas",
              "non_striker": "G Gambhir",
              "runs": {
                "batter": 1,
                "extras": 0,
                "total": 1
              }
            },
            {
              "batter": "G Gambhir",
              "bowler": "WPUJC Vaas",
              "non_striker": "M Manhas",
              "runs": {
                "batter": 0,
                "extras": 0,
                "total": 0
              }
            },
            {
              "batter": "G Gambhir",
              "bowler": "WPUJC Vaas",
              "non_striker": "M Manhas",
              "runs": {
                "batter": 1,
                "extras": 0,
                "total": 1
              }
            },
            {
              "batter": "M Manhas",
              "bowler": "WPUJC Vaas",
              "non_striker": "G Gambhir",
              "runs": {
                "batter": 0,
                "extras": 0,
                "total": 0
              }
            },
            {
              "batter": "M Manhas",
              "bowler": "WPUJC Vaas",
              "non_striker": "G Gambhir",
              "runs": {
                "batter": 1,
                "extras": 0,
                "total": 1
              }
            }
          ]
        },
        {
          "over": 5,
          "deliveries": [
            {
              "batter": "M Manhas",
              "bowler": "A Symonds",
              "non_striker": "G Gambhir",
              "runs": {
                "batter": 1,
                "extras": 0,
                "total": 1
              }
            },
            {
              "batter": "G Gambhir",
              "bowler": "A Symonds",
              "non_striker": "M Manhas",
              "runs": {
                "batter": 0,
                "extras": 0,
                "total": 0
              }
            },
            {
              "batter": "G Gambhir",
              "bowler": "A Symonds",
              "non_striker": "M Manhas",
              "runs": {
                "batter": 0,
                "extras": 0,
                "total": 0
              }
            },
            {
              "batter": "G Gambhir",
              "bowler": "A Symonds",
              "non_striker": "M Manhas",
              "runs": {
                "batter": 1,
                "extras": 0,
                "total": 1
              }
            },
            {
              "batter": "M Manhas",
              "bowler": "A Symonds",
              "non_striker": "G Gambhir",
              "runs": {
                "batter": 0,
                "extras": 0,
                "total": 0
              }
            },
            {
              "batter": "M Manhas",
              "bowler": "A Symonds",
              "non_striker": "G Gambhir",
              "runs": {
                "batter": 0,
                "extras": 0,
                "total": 0
              }
            }
          ]
        },
        {
          "over": 6,
          "deliveries": [
            {
              "batter": "G Gambhir",
              "bowler": "PP Ojha",
              "non_striker": "M Manhas",
              "runs": {
                "batter": 0,
                "extras": 0,
                "total": 0
              }
            },
            {
              "batter": "G Gambhir",
              "bowler": "PP Ojha",
              "non_striker": "M Manhas",
              "runs": {
                "batter": 0,
                "extras": 0,
                "total": 0
              },
              "wickets": [
                {
                  "kind": "caught",
                  "player_out": "G Gambhir",
                  "fielders": [
                    {
                      "name": "RG Sharma"
                    }
                  ]
                }
              ]
            },
            {
              "batter": "PD Collingwood",
              "bowler": "PP Ojha",
              "non_striker": "M Manhas",
              "runs": {
                "batter": 0,
                "extras": 0,
                "total": 0
              }
            },
            {
              "batter": "PD Collingwood",
              "bowler": "PP Ojha",
              "non_striker": "M Manhas",
              "runs": {
                "batter": 4,
                "extras": 0,
                "total": 4
              }
            },
            {
              "batter": "PD Collingwood",
              "bowler": "PP Ojha",
              "non_striker": "M Manhas",
              "runs": {
                "batter": 1,
                "extras": 0,
                "total": 1
              }
            },
            {
              "batter": "M Manhas",
              "bowler": "PP Ojha",
              "non_striker": "PD Collingwood",
              "runs": {
                "batter": 1,
                "extras": 0,
                "total": 1
              }
            }
          ]
        },
        {
          "over": 7,
          "deliveries": [
            {
              "batter": "M Manhas",
              "bowler": "A Symonds",
              "non_striker": "PD Collingwood",
              "runs": {
                "batter": 1,
                "extras": 0,
                "total": 1
              }
            },
            {
              "batter": "PD Collingwood",
              "bowler": "A Symonds",
              "non_striker": "M Manhas",
              "runs": {
                "batter": 1,
                "extras": 0,
                "total": 1
              }
            },
            {
              "batter": "M Manhas",
              "bowler": "A Symonds",
              "non_striker": "PD Collingwood",
              "runs": {
                "batter": 1,
                "extras": 0,
                "total": 1
              }
            },
            {
              "batter": "PD Collingwood",
              "bowler": "A Symonds",
              "non_striker": "M Manhas",
              "runs": {
                "batter": 0,
                "extras": 0,
                "total": 0
              }
            },
            {
              "batter": "PD Collingwood",
              "bowler": "A Symonds",
              "non_striker": "M Manhas",
              "runs": {
                "batter": 1,
                "extras": 0,
                "total": 1
              }
            },
            {
              "batter": "M Manhas",
              "bowler": "A Symonds",
              "non_striker": "PD Collingwood",
              "runs": {
                "batter": 2,
                "extras": 0,
                "total": 2
              }
            }
          ]
        },
        {
          "over": 8,
          "deliveries": [
            {
              "batter": "PD Collingwood",
              "bowler": "PP Ojha",
              "non_striker": "M Manhas",
              "runs": {
                "batter": 1,
                "extras": 0,
                "total": 1
              }
            },
            {
              "batter": "M Manhas",
              "bowler": "PP Ojha",
              "non_striker": "PD Collingwood",
              "runs": {
                "batter": 0,
                "extras": 0,
                "total": 0
              }
            },
            {
              "batter": "M Manhas",
              "bowler": "PP Ojha",
              "non_striker": "PD Collingwood",
              "runs": {
                "batter": 1,
                "extras": 0,
                "total": 1
              }
            },
            {
              "batter": "PD Collingwood",
              "bowler": "PP Ojha",
              "non_striker": "M Manhas",
              "runs": {
                "batter": 0,
                "extras": 0,
                "total": 0
              }
            },
            {
              "batter": "PD Collingwood",
              "bowler": "PP Ojha",
              "non_striker": "M Manhas",
              "runs": {
                "batter": 1,
                "extras": 0,
                "total": 1
              }
            },
            {
              "batter": "M Manhas",
              "bowler": "PP Ojha",
              "non_striker": "PD Collingwood",
              "runs": {
                "batter": 1,
                "extras": 0,
                "total": 1
              }
            }
          ]
        },
        {
          "over": 9,
          "deliveries": [
            {
              "batter": "M Manhas",
              "bowler": "R Sharma",
              "non_striker": "PD Collingwood",
              "runs": {
                "batter": 1,
                "extras": 0,
                "total": 1
              }
            },
            {
              "batter": "PD Collingwood",
              "bowler": "R Sharma",
              "non_striker": "M Manhas",
              "runs": {
                "batter": 1,
                "extras": 0,
                "total": 1
              }
            },
            {
              "batter": "M Manhas",
              "bowler": "R Sharma",
              "non_striker": "PD Collingwood",
              "runs": {
                "batter": 1,
                "extras": 0,
                "total": 1
              }
            },
            {
              "batter": "PD Collingwood",
              "bowler": "R Sharma",
              "non_striker": "M Manhas",
              "runs": {
                "batter": 0,
                "extras": 0,
                "total": 0
              }
            },
            {
              "batter": "PD Collingwood",
              "bowler": "R Sharma",
              "non_striker": "M Manhas",
              "runs": {
                "batter": 0,
                "extras": 0,
                "total": 0
              }
            },
            {
              "batter": "PD Collingwood",
              "bowler": "R Sharma",
              "non_striker": "M Manhas",
              "runs": {
                "batter": 1,
                "extras": 0,
                "total": 1
              }
            }
          ]
        },
        {
          "over": 10,
          "deliveries": [
            {
              "batter": "PD Collingwood",
              "bowler": "Harmeet Singh",
              "non_striker": "M Manhas",
              "runs": {
                "batter": 0,
                "extras": 0,
                "total": 0
              }
            },
            {
              "batter": "PD Collingwood",
              "bowler": "Harmeet Singh",
              "non_striker": "M Manhas",
              "runs": {
                "batter": 0,
                "extras": 0,
                "total": 0
              }
            },
            {
              "batter": "PD Collingwood",
              "bowler": "Harmeet Singh",
              "non_striker": "M Manhas",
              "runs": {
                "batter": 1,
                "extras": 0,
                "total": 1
              }
            },
            {
              "batter": "M Manhas",
              "bowler": "Harmeet Singh",
              "non_striker": "PD Collingwood",
              "runs": {
                "batter": 1,
                "extras": 0,
                "total": 1
              }
            },
            {
              "batter": "PD Collingwood",
              "bowler": "Harmeet Singh",
              "extras": {
                "wides": 1
              },
              "non_striker": "M Manhas",
              "runs": {
                "batter": 0,
                "extras": 1,
                "total": 1
              }
            },
            {
              "batter": "PD Collingwood",
              "bowler": "Harmeet Singh",
              "non_striker": "M Manhas",
              "runs": {
                "batter": 1,
                "extras": 0,
                "total": 1
              }
            },
            {
              "batter": "M Manhas",
              "bowler": "Harmeet Singh",
              "non_striker": "PD Collingwood",
              "runs": {
                "batter": 2,
                "extras": 0,
                "total": 2
              }
            }
          ]
        },
        {
          "over": 11,
          "deliveries": [
            {
              "batter": "PD Collingwood",
              "bowler": "R Sharma",
              "non_striker": "M Manhas",
              "runs": {
                "batter": 2,
                "extras": 0,
                "total": 2
              }
            },
            {
              "batter": "PD Collingwood",
              "bowler": "R Sharma",
              "non_striker": "M Manhas",
              "runs": {
                "batter": 1,
                "extras": 0,
                "total": 1
              }
            },
            {
              "batter": "M Manhas",
              "bowler": "R Sharma",
              "non_striker": "PD Collingwood",
              "runs": {
                "batter": 0,
                "extras": 0,
                "total": 0
              }
            },
            {
              "batter": "M Manhas",
              "bowler": "R Sharma",
              "non_striker": "PD Collingwood",
              "runs": {
                "batter": 0,
                "extras": 0,
                "total": 0
              }
            },
            {
              "batter": "M Manhas",
              "bowler": "R Sharma",
              "non_striker": "PD Collingwood",
              "runs": {
                "batter": 0,
                "extras": 0,
                "total": 0
              },
              "wickets": [
                {
                  "kind": "run out",
                  "player_out": "M Manhas",
                  "fielders": [
                    {
                      "name": "MR Marsh"
                    },
                    {
                      "name": "R Sharma"
                    }
                  ]
                }
              ]
            },
            {
              "batter": "PD Collingwood",
              "bowler": "R Sharma",
              "non_striker": "KD Karthik",
              "runs": {
                "batter": 1,
                "extras": 0,
                "total": 1
              }
            }
          ]
        },
        {
          "over": 12,
          "deliveries": [
            {
              "batter": "PD Collingwood",
              "bowler": "PP Ojha",
              "non_striker": "KD Karthik",
              "runs": {
                "batter": 0,
                "extras": 0,
                "total": 0
              }
            },
            {
              "batter": "PD Collingwood",
              "bowler": "PP Ojha",
              "non_striker": "KD Karthik",
              "runs": {
                "batter": 1,
                "extras": 0,
                "total": 1
              }
            },
            {
              "batter": "KD Karthik",
              "bowler": "PP Ojha",
              "non_striker": "PD Collingwood",
              "runs": {
                "batter": 1,
                "extras": 0,
                "total": 1
              }
            },
            {
              "batter": "PD Collingwood",
              "bowler": "PP Ojha",
              "non_striker": "KD Karthik",
              "runs": {
                "batter": 1,
                "extras": 0,
                "total": 1
              }
            },
            {
              "batter": "KD Karthik",
              "bowler": "PP Ojha",
              "non_striker": "PD Collingwood",
              "runs": {
                "batter": 0,
                "extras": 0,
                "total": 0
              },
              "wickets": [
                {
                  "kind": "bowled",
                  "player_out": "KD Karthik"
                }
              ]
            },
            {
              "batter": "A Mishra",
              "bowler": "PP Ojha",
              "non_striker": "PD Collingwood",
              "runs": {
                "batter": 0,
                "extras": 0,
                "total": 0
              }
            }
          ]
        },
        {
          "over": 13,
          "deliveries": [
            {
              "batter": "PD Collingwood",
              "bowler": "R Sharma",
              "non_striker": "A Mishra",
              "runs": {
                "batter": 1,
                "extras": 0,
                "total": 1
              }
            },
            {
              "batter": "A Mishra",
              "bowler": "R Sharma",
              "extras": {
                "wides": 1
              },
              "non_striker": "PD Collingwood",
              "runs": {
                "batter": 0,
                "extras": 1,
                "total": 1
              }
            },
            {
              "batter": "A Mishra",
              "bowler": "R Sharma",
              "non_striker": "PD Collingwood",
              "runs": {
                "batter": 1,
                "extras": 0,
                "total": 1
              }
            },
            {
              "batter": "PD Collingwood",
              "bowler": "R Sharma",
              "non_striker": "A Mishra",
              "runs": {
                "batter": 1,
                "extras": 0,
                "total": 1
              }
            },
            {
              "batter": "A Mishra",
              "bowler": "R Sharma",
              "non_striker": "PD Collingwood",
              "runs": {
                "batter": 1,
                "extras": 0,
                "total": 1
              }
            },
            {
              "batter": "PD Collingwood",
              "bowler": "R Sharma",
              "non_striker": "A Mishra",
              "runs": {
                "batter": 6,
                "extras": 0,
                "total": 6
              }
            },
            {
              "batter": "PD Collingwood",
              "bowler": "R Sharma",
              "non_striker": "A Mishra",
              "runs": {
                "batter": 0,
                "extras": 0,
                "total": 0
              }
            }
          ]
        },
        {
          "over": 14,
          "deliveries": [
            {
              "batter": "A Mishra",
              "bowler": "PP Ojha",
              "non_striker": "PD Collingwood",
              "runs": {
                "batter": 0,
                "extras": 0,
                "total": 0
              }
            },
            {
              "batter": "A Mishra",
              "bowler": "PP Ojha",
              "non_striker": "PD Collingwood",
              "runs": {
                "batter": 1,
                "extras": 0,
                "total": 1
              }
            },
            {
              "batter": "PD Collingwood",
              "bowler": "PP Ojha",
              "non_striker": "A Mishra",
              "runs": {
                "batter": 1,
                "extras": 0,
                "total": 1
              }
            },
            {
              "batter": "A Mishra",
              "bowler": "PP Ojha",
              "non_striker": "PD Collingwood",
              "runs": {
                "batter": 0,
                "extras": 0,
                "total": 0
              }
            },
            {
              "batter": "A Mishra",
              "bowler": "PP Ojha",
              "non_striker": "PD Collingwood",
              "runs": {
                "batter": 0,
                "extras": 0,
                "total": 0
              }
            },
            {
              "batter": "A Mishra",
              "bowler": "PP Ojha",
              "non_striker": "PD Collingwood",
              "runs": {
                "batter": 1,
                "extras": 0,
                "total": 1
              }
            }
          ]
        },
        {
          "over": 15,
          "deliveries": [
            {
              "batter": "A Mishra",
              "bowler": "Harmeet Singh",
              "non_striker": "PD Collingwood",
              "runs": {
                "batter": 0,
                "extras": 0,
                "total": 0
              },
              "wickets": [
                {
                  "kind": "bowled",
                  "player_out": "A Mishra"
                }
              ]
            },
            {
              "batter": "A Nehra",
              "bowler": "Harmeet Singh",
              "non_striker": "PD Collingwood",
              "runs": {
                "batter": 4,
                "extras": 0,
                "total": 4
              }
            },
            {
              "batter": "A Nehra",
              "bowler": "Harmeet Singh",
              "non_striker": "PD Collingwood",
              "runs": {
                "batter": 0,
                "extras": 0,
                "total": 0
              }
            },
            {
              "batter": "A Nehra",
              "bowler": "Harmeet Singh",
              "non_striker": "PD Collingwood",
              "runs": {
                "batter": 1,
                "extras": 0,
                "total": 1
              }
            },
            {
              "batter": "PD Collingwood",
              "bowler": "Harmeet Singh",
              "non_striker": "A Nehra",
              "runs": {
                "batter": 2,
                "extras": 0,
                "total": 2
              }
            },
            {
              "batter": "PD Collingwood",
              "bowler": "Harmeet Singh",
              "non_striker": "A Nehra",
              "runs": {
                "batter": 6,
                "extras": 0,
                "total": 6
              }
            }
          ]
        },
        {
          "over": 16,
          "deliveries": [
            {
              "batter": "A Nehra",
              "bowler": "R Sharma",
              "non_striker": "PD Collingwood",
              "runs": {
                "batter": 0,
                "extras": 0,
                "total": 0
              }
            },
            {
              "batter": "A Nehra",
              "bowler": "R Sharma",
              "non_striker": "PD Collingwood",
              "runs": {
                "batter": 6,
                "extras": 0,
                "total": 6
              }
            },
            {
              "batter": "A Nehra",
              "bowler": "R Sharma",
              "non_striker": "PD Collingwood",
              "runs": {
                "batter": 1,
                "extras": 0,
                "total": 1
              }
            },
            {
              "batter": "PD Collingwood",
              "bowler": "R Sharma",
              "non_striker": "A Nehra",
              "runs": {
                "batter": 2,
                "extras": 0,
                "total": 2
              }
            },
            {
              "batter": "PD Collingwood",
              "bowler": "R Sharma",
              "non_striker": "A Nehra",
              "runs": {
                "batter": 0,
                "extras": 0,
                "total": 0
              }
            },
            {
              "batter": "PD Collingwood",
              "bowler": "R Sharma",
              "non_striker": "A Nehra",
              "runs": {
                "batter": 1,
                "extras": 0,
                "total": 1
              }
            }
          ]
        },
        {
          "over": 17,
          "deliveries": [
            {
              "batter": "PD Collingwood",
              "bowler": "MR Marsh",
              "non_striker": "A Nehra",
              "runs": {
                "batter": 2,
                "extras": 0,
                "total": 2
              }
            },
            {
              "batter": "PD Collingwood",
              "bowler": "MR Marsh",
              "non_striker": "A Nehra",
              "runs": {
                "batter": 1,
                "extras": 0,
                "total": 1
              }
            },
            {
              "batter": "A Nehra",
              "bowler": "MR Marsh",
              "extras": {
                "noballs": 1
              },
              "non_striker": "PD Collingwood",
              "runs": {
                "batter": 1,
                "extras": 1,
                "total": 2
              }
            },
            {
              "batter": "PD Collingwood",
              "bowler": "MR Marsh",
              "non_striker": "A Nehra",
              "runs": {
                "batter": 1,
                "extras": 0,
                "total": 1
              }
            },
            {
              "batter": "A Nehra",
              "bowler": "MR Marsh",
              "non_striker": "PD Collingwood",
              "runs": {
                "batter": 0,
                "extras": 0,
                "total": 0
              }
            },
            {
              "batter": "A Nehra",
              "bowler": "MR Marsh",
              "non_striker": "PD Collingwood",
              "runs": {
                "batter": 0,
                "extras": 0,
                "total": 0
              }
            },
            {
              "batter": "A Nehra",
              "bowler": "MR Marsh",
              "non_striker": "PD Collingwood",
              "runs": {
                "batter": 4,
                "extras": 0,
                "total": 4
              }
            }
          ]
        },
        {
          "over": 18,
          "deliveries": [
            {
              "batter": "PD Collingwood",
              "bowler": "Harmeet Singh",
              "non_striker": "A Nehra",
              "runs": {
                "batter": 1,
                "extras": 0,
                "total": 1
              }
            },
            {
              "batter": "A Nehra",
              "bowler": "Harmeet Singh",
              "non_striker": "PD Collingwood",
              "runs": {
                "batter": 0,
                "extras": 0,
                "total": 0
              }
            },
            {
              "batter": "A Nehra",
              "bowler": "Harmeet Singh",
              "non_striker": "PD Collingwood",
              "runs": {
                "batter": 1,
                "extras": 0,
                "total": 1
              }
            },
            {
              "batter": "PD Collingwood",
              "bowler": "Harmeet Singh",
              "non_striker": "A Nehra",
              "runs": {
                "batter": 6,
                "extras": 0,
                "total": 6
              }
            },
            {
              "batter": "PD Collingwood",
              "bowler": "Harmeet Singh",
              "non_striker": "A Nehra",
              "runs": {
                "batter": 1,
                "extras": 0,
                "total": 1
              }
            },
            {
              "batter": "A Nehra",
              "bowler": "Harmeet Singh",
              "non_striker": "PD Collingwood",
              "runs": {
                "batter": 1,
                "extras": 0,
                "total": 1
              }
            }
          ]
        },
        {
          "over": 19,
          "deliveries": [
            {
              "batter": "A Nehra",
              "bowler": "WPUJC Vaas",
              "non_striker": "PD Collingwood",
              "runs": {
                "batter": 1,
                "extras": 0,
                "total": 1
              }
            },
            {
              "batter": "PD Collingwood",
              "bowler": "WPUJC Vaas",
              "non_striker": "A Nehra",
              "runs": {
                "batter": 0,
                "extras": 0,
                "total": 0
              }
            },
            {
              "batter": "PD Collingwood",
              "bowler": "WPUJC Vaas",
              "extras": {
                "legbyes": 1
              },
              "non_striker": "A Nehra",
              "runs": {
                "batter": 0,
                "extras": 1,
                "total": 1
              }
            },
            {
              "batter": "A Nehra",
              "bowler": "WPUJC Vaas",
              "non_striker": "PD Collingwood",
              "runs": {
                "batter": 1,
                "extras": 0,
                "total": 1
              }
            },
            {
              "batter": "PD Collingwood",
              "bowler": "WPUJC Vaas",
              "extras": {
                "legbyes": 1
              },
              "non_striker": "A Nehra",
              "runs": {
                "batter": 0,
                "extras": 1,
                "total": 1
              }
            },
            {
              "batter": "A Nehra",
              "bowler": "WPUJC Vaas",
              "non_striker": "PD Collingwood",
              "runs": {
                "batter": 1,
                "extras": 0,
                "total": 1
              }
            }
          ]
        }
      ],
      "powerplays": [
        {
          "from": 0.1,
          "to": 5.6,
          "type": "mandatory"
        }
      ],
      "target": {
        "overs": 20,
        "runs": 146
      }
    }
  ]
}