{
  "meta": {
    "data_version": "1.0.0",
    "created": "2011-04-28",
    "revision": 3
  },
  "info": {
    "balls_per_over": 6,
    "city": "Delhi",
    "dates": [
      "2011-04-28"
    ],
    "event": {
      "match_number": 33,
      "name": "Indian Premier League"
    },
    "gender": "male",
    "match_type": "T20",
    "officials": {
      "match_referees": [
        "J Srinath"
      ],
      "reserve_umpires": [
        "AK Chaudhary"
      ],
      "tv_umpires": [
        "S Asnani"
      ],
      "umpires": [
        "PR Reiffel",
        "RJ Tucker"
      ]
    },
    "outcome": {
      "by": {
        "runs": 17
      },
      "winner": "Kolkata Knight Riders"
    },
    "overs": 20,
    "player_of_match": [
      "MK Tiwary"
    ],
    "players": {
      "Delhi Daredevils": [
        "DA Warner",
        "V Sehwag",
        "JR Hopes",
        "IK Pathan",
        "TR Birt",
        "Y Venugopal Rao",
        "NV Ojha",
        "Y Nagar",
        "AB Agarkar",
        "M Morkel",
        "UT Yadav"
      ],
      "Kolkata Knight Riders": [
        "JH Kallis",
        "SP Goswami",
        "G Gambhir",
        "MK Tiwary",
        "YK Pathan",
        "EJG Morgan",
        "RN ten Doeschate",
        "B Lee",
        "L Balaji",
        "Iqbal Abdulla",
        "JD Unadkat"
      ]
    },
    "registry": {
      "people": {
        "AK Chaudhary": "fdcc6236",
        "AB Agarkar": "fa463154",
        "B Lee": "dd09ff8e",
        "DA Warner": "dcce6f09",
        "EJG Morgan": "d2a6c0e6",
        "G Gambhir": "bb345e0b",
        "IK Pathan": "5fa06777",
        "Iqbal Abdulla": "85aae393",
        "J Srinath": "bad31fac",
        "JD Unadkat": "1e66c162",
        "JH Kallis": "86dc8f2e",
        "JR Hopes": "2498e163",
        "L Balaji": "b2b50355",
        "M Morkel": "5bb5a915",
        "MK Tiwary": "26e5cabf",
        "NV Ojha": "890946a0",
        "PR Reiffel": "c9354f29",
        "RJ Tucker": "38810cfc",
        "RN ten Doeschate": "4ec07775",
        "S Asnani": "b04524bc",
        "SP Goswami": "541f85c9",
        "Shakib Al Hasan": "7dc35884",
        "TR Birt": "d2d4bb0a",
        "UT Yadav": "cc1e8c68",
        "V Sehwag": "8ba8195d",
        "Y Nagar": "662c47a6",
        "Y Venugopal Rao": "fe763256",
        "YK Pathan": "3c6ffae8"
      }
    },
    "season": 2011,
    "team_type": "club",
    "teams": [
      "Delhi Daredevils",
      "Kolkata Knight Riders"
    ],
    "toss": {
      "decision": "field",
      "winner": "Delhi Daredevils"
    },
    "venue": "Feroz Shah Kotla"
  },
  "innings": [
    {
      "team": "Kolkata Knight Riders",
      "overs": [
        {
          "over": 0,
          "deliveries": [
            {
              "batter": "JH Kallis",
              "bowler": "IK Pathan",
              "non_striker": "SP Goswami",
              "runs": {
                "batter": 1,
                "extras": 0,
                "total": 1
              }
            },
            {
              "batter": "SP Goswami",
              "bowler": "IK Pathan",
              "non_striker": "JH Kallis",
              "runs": {
                "batter": 0,
                "extras": 0,
                "total": 0
              }
            },
            {
              "batter": "SP Goswami",
              "bowler": "IK Pathan",
              "non_striker": "JH Kallis",
              "runs": {
                "batter": 1,
                "extras": 0,
                "total": 1
              }
            },
            {
              "batter": "JH Kallis",
              "bowler": "IK Pathan",
              "non_striker": "SP Goswami",
              "runs": {
                "batter": 0,
                "extras": 0,
                "total": 0
              }
            },
            {
              "batter": "JH Kallis",
              "bowler": "IK Pathan",
              "non_striker": "SP Goswami",
              "runs": {
                "batter": 1,
                "extras": 0,
                "total": 1
              }
            },
            {
              "batter": "SP Goswami",
              "bowler": "IK Pathan",
              "non_striker": "JH Kallis",
              "runs": {
                "batter": 1,
                "extras": 0,
                "total": 1
              }
            }
          ]
        },
        {
          "over": 1,
          "deliveries": [
            {
              "batter": "SP Goswami",
              "bowler": "M Morkel",
              "extras": {
                "wides": 1
              },
              "non_striker": "JH Kallis",
              "runs": {
                "batter": 0,
                "extras": 1,
                "total": 1
              }
            },
            {
              "batter": "SP Goswami",
              "bowler": "M Morkel",
              "non_striker": "JH Kallis",
              "runs": {
                "batter": 0,
                "extras": 0,
                "total": 0
              }
            },
            {
              "batter": "SP Goswami",
              "bowler": "M Morkel",
              "non_striker": "JH Kallis",
              "runs": {
                "batter": 0,
                "extras": 0,
                "total": 0
              }
            },
            {
              "batter": "SP Goswami",
              "bowler": "M Morkel",
              "non_striker": "JH Kallis",
              "runs": {
                "batter": 0,
                "extras": 0,
                "total": 0
              }
            },
            {
              "batter": "SP Goswami",
              "bowler": "M Morkel",
              "non_striker": "JH Kallis",
              "runs": {
                "batter": 4,
                "extras": 0,
                "total": 4
              }
            },
            {
              "batter": "SP Goswami",
              "bowler": "M Morkel",
              "non_striker": "JH Kallis",
              "runs": {
                "batter": 0,
                "extras": 0,
                "total": 0
              }
            },
            {
              "batter": "SP Goswami",
              "bowler": "M Morkel",
              "non_striker": "JH Kallis",
              "runs": {
                "batter": 4,
                "extras": 0,
                "total": 4
              }
            }
          ]
        },
        {
          "over": 2,
          "deliveries": [
            {
              "batter": "JH Kallis",
              "bowler": "IK Pathan",
              "non_striker": "SP Goswami",
              "runs": {
                "batter": 0,
                "extras": 0,
                "total": 0
              }
            },
            {
              "batter": "JH Kallis",
              "bowler": "IK Pathan",
              "non_striker": "SP Goswami",
              "runs": {
                "batter": 0,
                "extras": 0,
                "total": 0
              }
            },
            {
              "batter": "JH Kallis",
              "bowler": "IK Pathan",
              "non_striker": "SP Goswami",
              "runs": {
                "batter": 1,
                "extras": 0,
                "total": 1
              }
            },
            {
              "batter": "SP Goswami",
              "bowler": "IK Pathan",
              "non_striker": "JH Kallis",
              "runs": {
                "batter": 0,
                "extras": 0,
                "total": 0
              }
            },
            {
              "batter": "SP Goswami",
              "bowler": "IK Pathan",
              "non_striker": "JH Kallis",
              "runs": {
                "batter": 0,
                "extras": 0,
                "total": 0
              }
            },
            {
              "batter": "SP Goswami",
              "bowler": "IK Pathan",
              "non_striker": "JH Kallis",
              "runs": {
                "batter": 1,
                "extras": 0,
                "total": 1
              }
            }
          ]
        },
        {
          "over": 3,
          "deliveries": [
            {
              "batter": "SP Goswami",
              "bowler": "M Morkel",
              "non_striker": "JH Kallis",
              "runs": {
                "batter": 0,
                "extras": 0,
                "total": 0
              }
            },
            {
              "batter": "SP Goswami",
              "bowler": "M Morkel",
              "non_striker": "JH Kallis",
              "runs": {
                "batter": 4,
                "extras": 0,
                "total": 4
              }
            },
            {
              "batter": "SP Goswami",
              "bowler": "M Morkel",
              "non_striker": "JH Kallis",
              "runs": {
                "batter": 1,
                "extras": 0,
                "total": 1
              }
            },
            {
              "batter": "JH Kallis",
              "bowler": "M Morkel",
              "non_striker": "SP Goswami",
              "runs": {
                "batter": 4,
                "extras": 0,
                "total": 4
              }
            },
            {
              "batter": "JH Kallis",
              "bowler": "M Morkel",
              "non_striker": "SP Goswami",
              "runs": {
                "batter": 4,
                "extras": 0,
                "total": 4
              }
            },
            {
              "batter": "JH Kallis",
              "bowler": "M Morkel",
              "non_striker": "SP Goswami",
              "runs": {
                "batter": 0,
                "extras": 0,
                "total": 0
              }
            }
          ]
        },
        {
          "over": 4,
          "deliveries": [
            {
              "batter": "SP Goswami",
              "bowler": "IK Pathan",
              "non_striker": "JH Kallis",
              "runs": {
                "batter": 1,
                "extras": 0,
                "total": 1
              }
            },
            {
              "batter": "JH Kallis",
              "bowler": "IK Pathan",
              "non_striker": "SP Goswami",
              "runs": {
                "batter": 0,
                "extras": 0,
                "total": 0
              }
            },
            {
              "batter": "JH Kallis",
              "bowler": "IK Pathan",
              "non_striker": "SP Goswami",
              "runs": {
                "batter": 0,
                "extras": 0,
                "total": 0
              },
              "wickets": [
                {
                  "kind": "bowled",
                  "player_out": "JH Kallis"
                }
              ]
            },
            {
              "batter": "G Gambhir",
              "bowler": "IK Pathan",
              "non_striker": "SP Goswami",
              "runs": {
                "batter": 0,
                "extras": 0,
                "total": 0
              }
            },
            {
              "batter": "G Gambhir",
              "bowler": "IK Pathan",
              "non_striker": "SP Goswami",
              "runs": {
                "batter": 1,
                "extras": 0,
                "total": 1
              }
            },
            {
              "batter": "SP Goswami",
              "bowler": "IK Pathan",
              "non_striker": "G Gambhir",
              "runs": {
                "batter": 4,
                "extras": 0,
                "total": 4
              }
            }
          ]
        },
        {
          "over": 5,
          "deliveries": [
            {
              "batter": "G Gambhir",
              "bowler": "UT Yadav",
              "non_striker": "SP Goswami",
              "runs": {
                "batter": 0,
                "extras": 0,
                "total": 0
              }
            },
            {
              "batter": "G Gambhir",
              "bowler": "UT Yadav",
              "non_striker": "SP Goswami",
              "runs": {
                "batter": 1,
                "extras": 0,
                "total": 1
              }
            },
            {
              "batter": "SP Goswami",
              "bowler": "UT Yadav",
              "non_striker": "G Gambhir",
              "runs": {
                "batter": 0,
                "extras": 0,
                "total": 0
              }
            },
            {
              "batter": "SP Goswami",
              "bowler": "UT Yadav",
              "non_striker": "G Gambhir",
              "runs": {
                "batter": 1,
                "extras": 0,
                "total": 1
              }
            },
            {
              "batter": "G Gambhir",
              "bowler": "UT Yadav",
              "non_striker": "SP Goswami",
              "runs": {
                "batter": 4,
                "extras": 0,
                "total": 4
              }
            },
            {
              "batter": "G Gambhir",
              "bowler": "UT Yadav",
              "non_striker": "SP Goswami",
              "runs": {
                "batter": 2,
                "extras": 0,
                "total": 2
              }
            }
          ]
        },
        {
          "over": 6,
          "deliveries": [
            {
              "batter": "SP Goswami",
              "bowler": "AB Agarkar",
              "non_striker": "G Gambhir",
              "runs": {
                "batter": 0,
                "extras": 0,
                "total": 0
              },
              "wickets": [
                {
                  "kind": "caught",
                  "player_out": "SP Goswami",
                  "fielders": [
                    {
                      "name": "NV Ojha"
                    }
                  ]
                }
              ]
            },
            {
              "batter": "MK Tiwary",
              "bowler": "AB Agarkar",
              "extras": {
                "wides": 1
              },
              "non_striker": "G Gambhir",
              "runs": {
                "batter": 0,
                "extras": 1,
                "total": 1
              }
            },
            {
              "batter": "MK Tiwary",
              "bowler": "AB Agarkar",
              "non_striker": "G Gambhir",
              "runs": {
                "batter": 1,
                "extras": 0,
                "total": 1
              }
            },
            {
              "batter": "G Gambhir",
              "bowler": "AB Agarkar",
              "non_striker": "MK Tiwary",
              "runs": {
                "batter": 0,
                "extras": 0,
                "total": 0
              }
            },
            {
              "batter": "G Gambhir",
              "bowler": "AB Agarkar",
              "non_striker": "MK Tiwary",
              "runs": {
                "batter": 4,
                "extras": 0,
                "total": 4
              }
            },
            {
              "batter": "G Gambhir",
              "bowler": "AB Agarkar",
              "non_striker": "MK Tiwary",
              "runs": {
                "batter": 1,
                "extras": 0,
                "total": 1
              }
            },
            {
              "batter": "MK Tiwary",
              "bowler": "AB Agarkar",
              "non_striker": "G Gambhir",
              "runs": {
                "batter": 1,
                "extras": 0,
                "total": 1
              }
            }
          ]
        },
        {
          "over": 7,
          "deliveries": [
            {
              "batter": "MK Tiwary",
              "bowler": "UT Yadav",
              "non_striker": "G Gambhir",
              "runs": {
                "batter": 4,
                "extras": 0,
                "total": 4
              }
            },
            {
              "batter": "MK Tiwary",
              "bowler": "UT Yadav",
              "non_striker": "G Gambhir",
              "runs": {
                "batter": 0,
                "extras": 0,
                "total": 0
              }
            },
            {
              "batter": "MK Tiwary",
              "bowler": "UT Yadav",
              "non_striker": "G Gambhir",
              "runs": {
                "batter": 0,
                "extras": 0,
                "total": 0
              }
            },
            {
              "batter": "MK Tiwary",
              "bowler": "UT Yadav",
              "non_striker": "G Gambhir",
              "runs": {
                "batter": 0,
                "extras": 0,
                "total": 0
              }
            },
            {
              "batter": "MK Tiwary",
              "bowler": "UT Yadav",
              "non_striker": "G Gambhir",
              "runs": {
                "batter": 1,
                "extras": 0,
                "total": 1
              }
            },
            {
              "batter": "G Gambhir",
              "bowler": "UT Yadav",
              "non_striker": "MK Tiwary",
              "runs": {
                "batter": 0,
                "extras": 0,
                "total": 0
              }
            }
          ]
        },
        {
          "over": 8,
          "deliveries": [
            {
              "batter": "MK Tiwary",
              "bowler": "AB Agarkar",
              "non_striker": "G Gambhir",
              "runs": {
                "batter": 0,
                "extras": 0,
                "total": 0
              }
            },
            {
              "batter": "MK Tiwary",
              "bowler": "AB Agarkar",
              "non_striker": "G Gambhir",
              "runs": {
                "batter": 1,
                "extras": 0,
                "total": 1
              }
            },
            {
              "batter": "G Gambhir",
              "bowler": "AB Agarkar",
              "non_striker": "MK Tiwary",
              "runs": {
                "batter": 1,
                "extras": 0,
                "total": 1
              }
            },
            {
              "batter": "MK Tiwary",
              "bowler": "AB Agarkar",
              "non_striker": "G Gambhir",
              "runs": {
                "batter": 0,
                "extras": 0,
                "total": 0
              }
            },
            {
              "batter": "MK Tiwary",
              "bowler": "AB Agarkar",
              "non_striker": "G Gambhir",
              "runs": {
                "batter": 1,
                "extras": 0,
                "total": 1
              }
            },
            {
              "batter": "G Gambhir",
              "bowler": "AB Agarkar",
              "non_striker": "MK Tiwary",
              "runs": {
                "batter": 0,
                "extras": 0,
                "total": 0
              }
            }
          ]
        },
        {
          "over": 9,
          "deliveries": [
            {
              "batter": "MK Tiwary",
              "bowler": "JR Hopes",
              "non_striker": "G Gambhir",
              "runs": {
                "batter": 0,
                "extras": 0,
                "total": 0
              }
            },
            {
              "batter": "MK Tiwary",
              "bowler": "JR Hopes",
              "non_striker": "G Gambhir",
              "runs": {
                "batter": 0,
                "extras": 0,
                "total": 0
              }
            },
            {
              "batter": "MK Tiwary",
              "bowler": "JR Hopes",
              "non_striker": "G Gambhir",
              "runs": {
                "batter": 1,
                "extras": 0,
                "total": 1
              }
            },
            {
              "batter": "G Gambhir",
              "bowler": "JR Hopes",
              "non_striker": "MK Tiwary",
              "runs": {
                "batter": 1,
                "extras": 0,
                "total": 1
              }
            },
            {
              "batter": "MK Tiwary",
              "bowler": "JR Hopes",
              "extras": {
                "wides": 1
              },
              "non_striker": "G Gambhir",
              "runs": {
                "batter": 0,
                "extras": 1,
                "total": 1
              }
            },
            {
              "batter": "MK Tiwary",
              "bowler": "JR Hopes",
              "non_striker": "G Gambhir",
              "runs": {
                "batter": 1,
                "extras": 0,
                "total": 1
              }
            },
            {
              "batter": "G Gambhir",
              "bowler": "JR Hopes",
              "non_striker": "MK Tiwary",
              "runs": {
                "batter": 2,
                "extras": 0,
                "total": 2
              }
            }
          ]
        },
        {
          "over": 10,
          "deliveries": [
            {
              "batter": "MK Tiwary",
              "bowler": "AB Agarkar",
              "non_striker": "G Gambhir",
              "runs": {
                "batter": 6,
                "extras": 0,
                "total": 6
              }
            },
            {
              "batter": "MK Tiwary",
              "bowler": "AB Agarkar",
              "non_striker": "G Gambhir",
              "runs": {
                "batter": 4,
                "extras": 0,
                "total": 4
              }
            },
            {
              "batter": "MK Tiwary",
              "bowler": "AB Agarkar",
              "non_striker": "G Gambhir",
              "runs": {
                "batter": 3,
                "extras": 0,
                "total": 3
              }
            },
            {
              "batter": "G Gambhir",
              "bowler": "AB Agarkar",
              "non_striker": "MK Tiwary",
              "runs": {
                "batter": 0,
                "extras": 0,
                "total": 0
              }
            },
            {
              "batter": "G Gambhir",
              "bowler": "AB Agarkar",
              "non_striker": "MK Tiwary",
              "runs": {
                "batter": 1,
                "extras": 0,
                "total": 1
              }
            },
            {
              "batter": "MK Tiwary",
              "bowler": "AB Agarkar",
              "non_striker": "G Gambhir",
              "runs": {
                "batter": 1,
                "extras": 0,
                "total": 1
              }
            }
          ]
        },
        {
          "over": 11,
          "deliveries": [
            {
              "batter": "MK Tiwary",
              "bowler": "JR Hopes",
              "non_striker": "G Gambhir",
              "runs": {
                "batter": 1,
                "extras": 0,
                "total": 1
              }
            },
            {
              "batter": "G Gambhir",
              "bowler": "JR Hopes",
              "non_striker": "MK Tiwary",
              "runs": {
                "batter": 0,
                "extras": 0,
                "total": 0
              }
            },
            {
              "batter": "G Gambhir",
              "bowler": "JR Hopes",
              "extras": {
                "legbyes": 1
              },
              "non_striker": "MK Tiwary",
              "runs": {
                "batter": 0,
                "extras": 1,
                "total": 1
              }
            },
            {
              "batter": "MK Tiwary",
              "bowler": "JR Hopes",
              "non_striker": "G Gambhir",
              "runs": {
                "batter": 1,
                "extras": 0,
                "total": 1
              }
            },
            {
              "batter": "G Gambhir",
              "bowler": "JR Hopes",
              "non_striker": "MK Tiwary",
              "runs": {
                "batter": 0,
                "extras": 0,
                "total": 0
              },
              "wickets": [
                {
                  "kind": "caught",
                  "player_out": "G Gambhir",
                  "fielders": [
                    {
                      "name": "Y Venugopal Rao"
                    }
                  ]
                }
              ]
            },
            {
              "batter": "MK Tiwary",
              "bowler": "JR Hopes",
              "non_striker": "YK Pathan",
              "runs": {
                "batter": 1,
                "extras": 0,
                "total": 1
              }
            }
          ]
        },
        {
          "over": 12,
          "deliveries": [
            {
              "batter": "MK Tiwary",
              "bowler": "M Morkel",
              "non_striker": "YK Pathan",
              "runs": {
                "batter": 6,
                "extras": 0,
                "total": 6
              }
            },
            {
              "batter": "MK Tiwary",
              "bowler": "M Morkel",
              "non_striker": "YK Pathan",
              "runs": {
                "batter": 1,
                "extras": 0,
                "total": 1
              }
            },
            {
              "batter": "YK Pathan",
              "bowler": "M Morkel",
              "non_striker": "MK Tiwary",
              "runs": {
                "batter": 0,
                "extras": 0,
                "total": 0
              }
            },
            {
              "batter": "YK Pathan",
              "bowler": "M Morkel",
              "non_striker": "MK Tiwary",
              "runs": {
                "batter": 1,
                "extras": 0,
                "total": 1
              }
            },
            {
              "batter": "MK Tiwary",
              "bowler": "M Morkel",
              "non_striker": "YK Pathan",
              "runs": {
                "batter": 0,
                "extras": 0,
                "total": 0
              }
            },
            {
              "batter": "MK Tiwary",
              "bowler": "M Morkel",
              "non_striker": "YK Pathan",
              "runs": {
                "batter": 0,
                "extras": 0,
                "total": 0
              }
            }
          ]
        },
        {
          "over": 13,
          "deliveries": [
            {
              "batter": "YK Pathan",
              "bowler": "JR Hopes",
              "non_striker": "MK Tiwary",
              "runs": {
                "batter": 0,
                "extras": 0,
                "total": 0
              }
            },
            {
              "batter": "YK Pathan",
              "bowler": "JR Hopes",
              "extras": {
                "wides": 1
              },
              "non_striker": "MK Tiwary",
              "runs": {
                "batter": 0,
                "extras": 1,
                "total": 1
              }
            },
            {
              "batter": "YK Pathan",
              "bowler": "JR Hopes",
              "non_striker": "MK Tiwary",
              "runs": {
                "batter": 1,
                "extras": 0,
                "total": 1
              }
            },
            {
              "batter": "MK Tiwary",
              "bowler": "JR Hopes",
              "non_striker": "YK Pathan",
              "runs": {
                "batter": 1,
                "extras": 0,
                "total": 1
              }
            },
            {
              "batter": "YK Pathan",
              "bowler": "JR Hopes",
              "non_striker": "MK Tiwary",
              "runs": {
                "batter": 1,
                "extras": 0,
                "total": 1
              }
            },
            {
              "batter": "MK Tiwary",
              "bowler": "JR Hopes",
              "non_striker": "YK Pathan",
              "runs": {
                "batter": 1,
                "extras": 0,
                "total": 1
              }
            },
            {
              "batter": "YK Pathan",
              "bowler": "JR Hopes",
              "non_striker": "MK Tiwary",
              "runs": {
                "batter": 1,
                "extras": 0,
                "total": 1
              }
            }
          ]
        },
        {
          "over": 14,
          "deliveries": [
            {
              "batter": "YK Pathan",
              "bowler": "UT Yadav",
              "non_striker": "MK Tiwary",
              "runs": {
                "batter": 1,
                "extras": 0,
                "total": 1
              }
            },
            {
              "batter": "MK Tiwary",
              "bowler": "UT Yadav",
              "non_striker": "YK Pathan",
              "runs": {
                "batter": 6,
                "extras": 0,
                "total": 6
              }
            },
            {
              "batter": "MK Tiwary",
              "bowler": "UT Yadav",
              "non_striker": "YK Pathan",
              "runs": {
                "batter": 0,
                "extras": 0,
                "total": 0
              }
            },
            {
              "batter": "MK Tiwary",
              "bowler": "UT Yadav",
              "non_striker": "YK Pathan",
              "runs": {
                "batter": 1,
                "extras": 0,
                "total": 1
              }
            },
            {
              "batter": "YK Pathan",
              "bowler": "UT Yadav",
              "non_striker": "MK Tiwary",
              "runs": {
                "batter": 0,
                "extras": 0,
                "total": 0
              },
              "wickets": [
                {
                  "kind": "caught",
                  "player_out": "YK Pathan",
                  "fielders": [
                    {
                      "name": "IK Pathan"
                    }
                  ]
                }
              ]
            },
            {
              "batter": "EJG Morgan",
              "bowler": "UT Yadav",
              "non_striker": "MK Tiwary",
              "runs": {
                "batter": 0,
                "extras": 0,
                "total": 0
              },
              "wickets": [
                {
                  "kind": "caught",
                  "player_out": "EJG Morgan",
                  "fielders": [
                    {
                      "name": "NV Ojha"
                    }
                  ]
                }
              ]
            }
          ]
        },
        {
          "over": 15,
          "deliveries": [
            {
              "batter": "RN ten Doeschate",
              "bowler": "IK Pathan",
              "non_striker": "MK Tiwary",
              "runs": {
                "batter": 1,
                "extras": 0,
                "total": 1
              }
            },
            {
              "batter": "MK Tiwary",
              "bowler": "IK Pathan",
              "non_striker": "RN ten Doeschate",
              "runs": {
                "batter": 1,
                "extras": 0,
                "total": 1
              }
            },
            {
              "batter": "RN ten Doeschate",
              "bowler": "IK Pathan",
              "non_striker": "MK Tiwary",
              "runs": {
                "batter": 0,
                "extras": 0,
                "total": 0
              }
            },
            {
              "batter": "RN ten Doeschate",
              "bowler": "IK Pathan",
              "non_striker": "MK Tiwary",
              "runs": {
                "batter": 1,
                "extras": 0,
                "total": 1
              }
            },
            {
              "batter": "MK Tiwary",
              "bowler": "IK Pathan",
              "non_striker": "RN ten Doeschate",
              "runs": {
                "batter": 1,
                "extras": 0,
                "total": 1
              }
            },
            {
              "batter": "RN ten Doeschate",
              "bowler": "IK Pathan",
              "non_striker": "MK Tiwary",
              "runs": {
                "batter": 0,
                "extras": 0,
                "total": 0
              }
            }
          ]
        },
        {
          "over": 16,
          "deliveries": [
            {
              "batter": "MK Tiwary",
              "bowler": "UT Yadav",
              "non_striker": "RN ten Doeschate",
              "runs": {
                "batter": 0,
                "extras": 0,
                "total": 0
              }
            },
            {
              "batter": "MK Tiwary",
              "bowler": "UT Yadav",
              "non_striker": "RN ten Doeschate",
              "runs": {
                "batter": 1,
                "extras": 0,
                "total": 1
              }
            },
            {
              "batter": "RN ten Doeschate",
              "bowler": "UT Yadav",
              "extras": {
                "wides": 1
              },
              "non_striker": "MK Tiwary",
              "runs": {
                "batter": 0,
                "extras": 1,
                "total": 1
              }
            },
            {
              "batter": "RN ten Doeschate",
              "bowler": "UT Yadav",
              "non_striker": "MK Tiwary",
              "runs": {
                "batter": 1,
                "extras": 0,
                "total": 1
              }
            },
            {
              "batter": "MK Tiwary",
              "bowler": "UT Yadav",
              "non_striker": "RN ten Doeschate",
              "runs": {
                "batter": 2,
                "extras": 0,
                "total": 2
              }
            },
            {
              "batter": "MK Tiwary",
              "bowler": "UT Yadav",
              "non_striker": "RN ten Doeschate",
              "runs": {
                "batter": 2,
                "extras": 0,
                "total": 2
              }
            },
            {
              "batter": "MK Tiwary",
              "bowler": "UT Yadav",
              "non_striker": "RN ten Doeschate",
              "runs": {
                "batter": 1,
                "extras": 0,
                "total": 1
              }
            }
          ]
        },
        {
          "over": 17,
          "deliveries": [
            {
              "batter": "MK Tiwary",
              "bowler": "JR Hopes",
              "extras": {
                "wides": 1
              },
              "non_striker": "RN ten Doeschate",
              "runs": {
                "batter": 0,
                "extras": 1,
                "total": 1
              }
            },
            {
              "batter": "MK Tiwary",
              "bowler": "JR Hopes",
              "non_striker": "RN ten Doeschate",
              "runs": {
                "batter": 2,
                "extras": 0,
                "total": 2
              }
            },
            {
              "batter": "MK Tiwary",
              "bowler": "JR Hopes",
              "non_striker": "RN ten Doeschate",
              "runs": {
                "batter": 1,
                "extras": 0,
                "total": 1
              }
            },
            {
              "batter": "RN ten Doeschate",
              "bowler": "JR Hopes",
              "extras": {
                "legbyes": 1
              },
              "non_striker": "MK Tiwary",
              "runs": {
                "batter": 0,
                "extras": 1,
                "total": 1
              }
            },
            {
              "batter": "MK Tiwary",
              "bowler": "JR Hopes",
              "non_striker": "RN ten Doeschate",
              "runs": {
                "batter": 1,
                "extras": 0,
                "total": 1
              }
            },
            {
              "batter": "RN ten Doeschate",
              "bowler": "JR Hopes",
              "non_striker": "MK Tiwary",
              "runs": {
                "batter": 4,
                "extras": 0,
                "total": 4
              }
            },
            {
              "batter": "RN ten Doeschate",
              "bowler": "JR Hopes",
              "non_striker": "MK Tiwary",
              "runs": {
                "batter": 1,
                "extras": 0,
                "total": 1
              }
            }
          ]
        },
        {
          "over": 18,
          "deliveries": [
            {
              "batter": "RN ten Doeschate",
              "bowler": "M Morkel",
              "non_striker": "MK Tiwary",
              "runs": {
                "batter": 1,
                "extras": 0,
                "total": 1
              }
            },
            {
              "batter": "MK Tiwary",
              "bowler": "M Morkel",
              "non_striker": "RN ten Doeschate",
              "runs": {
                "batter": 0,
                "extras": 0,
                "total": 0
              }
            },
            {
              "batter": "MK Tiwary",
              "bowler": "M Morkel",
              "non_striker": "RN ten Doeschate",
              "runs": {
                "batter": 1,
                "extras": 0,
                "total": 1
              }
            },
            {
              "batter": "RN ten Doeschate",
              "bowler": "M Morkel",
              "non_striker": "MK Tiwary",
              "runs": {
                "batter": 6,
                "extras": 0,
                "total": 6
              }
            },
            {
              "batter": "RN ten Doeschate",
              "bowler": "M Morkel",
              "non_striker": "MK Tiwary",
              "runs": {
                "batter": 4,
                "extras": 0,
                "total": 4
              }
            },
            {
              "batter": "RN ten Doeschate",
              "bowler": "M Morkel",
              "non_striker": "MK Tiwary",
              "runs": {
                "batter": 0,
                "extras": 0,
                "total": 0
              },
              "wickets": [
                {
                  "kind": "caught",
                  "player_out": "RN ten Doeschate",
                  "fielders": [
                    {
                      "name": "IK Pathan"
                    }
                  ]
                }
              ]
            }
          ]
        },
        {
          "over": 19,
          "deliveries": [
            {
              "batter": "MK Tiwary",
              "bowler": "AB Agarkar",
              "non_striker": "B Lee",
              "runs": {
                "batter": 1,
                "extras": 0,
                "total": 1
              }
            },
            {
              "batter": "B Lee",
              "bowler": "AB Agarkar",
              "non_striker": "MK Tiwary",
              "runs": {
                "batter": 1,
                "extras": 0,
                "total": 1
              }
            },
            {
              "batter": "MK Tiwary",
              "bowler": "AB Agarkar",
              "non_striker": "B Lee",
              "runs": {
                "batter": 0,
                "extras": 0,
                "total": 0
              }
            },
            {
              "batter": "MK Tiwary",
              "bowler": "AB Agarkar",
              "non_striker": "B Lee",
              "runs": {
                "batter": 2,
                "extras": 0,
                "total": 2
              }
            },
            {
              "batter": "MK Tiwary",
              "bowler": "AB Agarkar",
              "non_striker": "B Lee",
              "runs": {
                "batter": 1,
                "extras": 0,
                "total": 1
              },
              "wickets": [
                {
                  "kind": "run out",
                  "player_out": "B Lee",
                  "fielders": [
                    {
                      "name": "Y Nagar"
                    },
                    {
                      "name": "NV Ojha"
                    }
                  ]
                }
              ]
            },
            {
              "batter": "L Balaji",
              "bowler": "AB Agarkar",
              "non_striker": "MK Tiwary",
              "runs": {
                "batter": 3,
                "extras": 0,
                "total": 3
              }
            }
          ]
        }
      ],
      "powerplays": [
        {
          "from": 0.1,
          "to": 5.6,
          "type": "mandatory"
        }
      ]
    },
    {
      "team": "Delhi Daredevils",
      "overs": [
        {
          "over": 0,
          "deliveries": [
            {
              "batter": "DA Warner",
              "bowler": "B Lee",
              "extras": {
                "wides": 1
              },
              "non_striker": "V Sehwag",
              "runs": {
                "batter": 0,
                "extras": 1,
                "total": 1
              }
            },
            {
              "batter": "DA Warner",
              "bowler": "B Lee",
              "non_striker": "V Sehwag",
              "runs": {
                "batter": 1,
                "extras": 0,
                "total": 1
              }
            },
            {
              "batter": "V Sehwag",
              "bowler": "B Lee",
              "non_striker": "DA Warner",
              "runs": {
                "batter": 4,
                "extras": 0,
                "total": 4
              }
            },
            {
              "batter": "V Sehwag",
              "bowler": "B Lee",
              "non_striker": "DA Warner",
              "runs": {
                "batter": 1,
                "extras": 0,
                "total": 1
              }
            },
            {
              "batter": "DA Warner",
              "bowler": "B Lee",
              "non_striker": "V Sehwag",
              "runs": {
                "batter": 0,
                "extras": 0,
                "total": 0
              }
            },
            {
              "batter": "DA Warner",
              "bowler": "B Lee",
              "non_striker": "V Sehwag",
              "runs": {
                "batter": 0,
                "extras": 0,
                "total": 0
              }
            },
            {
              "batter": "DA Warner",
              "bowler": "B Lee",
              "non_striker": "V Sehwag",
              "runs": {
                "batter": 0,
                "extras": 0,
                "total": 0
              }
            }
          ]
        },
        {
          "over": 1,
          "deliveries": [
            {
              "batter": "V Sehwag",
              "bowler": "L Balaji",
              "non_striker": "DA Warner",
              "runs": {
                "batter": 0,
                "extras": 0,
                "total": 0
              }
            },
            {
              "batter": "V Sehwag",
              "bowler": "L Balaji",
              "non_striker": "DA Warner",
              "runs": {
                "batter": 4,
                "extras": 0,
                "total": 4
              }
            },
            {
              "batter": "V Sehwag",
              "bowler": "L Balaji",
              "non_striker": "DA Warner",
              "runs": {
                "batter": 1,
                "extras": 0,
                "total": 1
              }
            },
            {
              "batter": "DA Warner",
              "bowler": "L Balaji",
              "non_striker": "V Sehwag",
              "runs": {
                "batter": 1,
                "extras": 0,
                "total": 1
              }
            },
            {
              "batter": "V Sehwag",
              "bowler": "L Balaji",
              "non_striker": "DA Warner",
              "runs": {
                "batter": 1,
                "extras": 0,
                "total": 1
              }
            },
            {
              "batter": "DA Warner",
              "bowler": "L Balaji",
              "non_striker": "V Sehwag",
              "runs": {
                "batter": 0,
                "extras": 0,
                "total": 0
              },
              "wickets": [
                {
                  "kind": "bowled",
                  "player_out": "DA Warner"
                }
              ]
            }
          ]
        },
        {
          "over": 2,
          "deliveries": [
            {
              "batter": "V Sehwag",
              "bowler": "B Lee",
              "non_striker": "JR Hopes",
              "runs": {
                "batter": 0,
                "extras": 0,
                "total": 0
              }
            },
            {
              "batter": "V Sehwag",
              "bowler": "B Lee",
              "non_striker": "JR Hopes",
              "runs": {
                "batter": 0,
                "extras": 0,
                "total": 0
              }
            },
            {
              "batter": "V Sehwag",
              "bowler": "B Lee",
              "non_striker": "JR Hopes",
              "runs": {
                "batter": 0,
                "extras": 0,
                "total": 0
              }
            },
            {
              "batter": "V Sehwag",
              "bowler": "B Lee",
              "non_striker": "JR Hopes",
              "runs": {
                "batter": 1,
                "extras": 0,
                "total": 1
              }
            },
            {
              "batter": "JR Hopes",
              "bowler": "B Lee",
              "non_striker": "V Sehwag",
              "runs": {
                "batter": 0,
                "extras": 0,
                "total": 0
              }
            },
            {
              "batter": "JR Hopes",
              "bowler": "B Lee",
              "non_striker": "V Sehwag",
              "runs": {
                "batter": 1,
                "extras": 0,
                "total": 1
              }
            }
          ]
        },
        {
          "over": 3,
          "deliveries": [
            {
              "batter": "JR Hopes",
              "bowler": "L Balaji",
              "non_striker": "V Sehwag",
              "runs": {
                "batter": 1,
                "extras": 0,
                "total": 1
              }
            },
            {
              "batter": "V Sehwag",
              "bowler": "L Balaji",
              "non_striker": "JR Hopes",
              "runs": {
                "batter": 6,
                "extras": 0,
                "total": 6
              }
            },
            {
              "batter": "V Sehwag",
              "bowler": "L Balaji",
              "non_striker": "JR Hopes",
              "runs": {
                "batter": 4,
                "extras": 0,
                "total": 4
              }
            },
            {
              "batter": "V Sehwag",
              "bowler": "L Balaji",
              "non_striker": "JR Hopes",
              "runs": {
                "batter": 0,
                "extras": 0,
                "total": 0
              }
            },
            {
              "batter": "V Sehwag",
              "bowler": "L Balaji",
              "non_striker": "JR Hopes",
              "runs": {
                "batter": 0,
                "extras": 0,
                "total": 0
              }
            },
            {
              "batter": "V Sehwag",
              "bowler": "L Balaji",
              "non_striker": "JR Hopes",
              "runs": {
                "batter": 1,
                "extras": 0,
                "total": 1
              }
            }
          ]
        },
        {
          "over": 4,
          "deliveries": [
            {
              "batter": "V Sehwag",
              "bowler": "JD Unadkat",
              "non_striker": "JR Hopes",
              "runs": {
                "batter": 1,
                "extras": 0,
                "total": 1
              }
            },
            {
              "batter": "JR Hopes",
              "bowler": "JD Unadkat",
              "non_striker": "V Sehwag",
              "runs": {
                "batter": 0,
                "extras": 0,
                "total": 0
              }
            },
            {
              "batter": "JR Hopes",
              "bowler": "JD Unadkat",
              "non_striker": "V Sehwag",
              "runs": {
                "batter": 0,
                "extras": 0,
                "total": 0
              }
            },
            {
              "batter": "JR Hopes",
              "bowler": "JD Unadkat",
              "non_striker": "V Sehwag",
              "runs": {
                "batter": 0,
                "extras": 0,
                "total": 0
              }
            },
            {
              "batter": "JR Hopes",
              "bowler": "JD Unadkat",
              "non_striker": "V Sehwag",
              "runs": {
                "batter": 1,
                "extras": 0,
                "total": 1
              }
            },
            {
              "batter": "V Sehwag",
              "bowler": "JD Unadkat",
              "non_striker": "JR Hopes",
              "runs": {
                "batter": 4,
                "extras": 0,
                "total": 4
              }
            }
          ]
        },
        {
          "over": 5,
          "deliveries": [
            {
              "batter": "JR Hopes",
              "bowler": "Iqbal Abdulla",
              "extras": {
                "wides": 1
              },
              "non_striker": "V Sehwag",
              "runs": {
                "batter": 0,
                "extras": 1,
                "total": 1
              }
            },
            {
              "batter": "JR Hopes",
              "bowler": "Iqbal Abdulla",
              "non_striker": "V Sehwag",
              "runs": {
                "batter": 0,
                "extras": 0,
                "total": 0
              }
            },
            {
              "batter": "JR Hopes",
              "bowler": "Iqbal Abdulla",
              "non_striker": "V Sehwag",
              "runs": {
                "batter": 0,
                "extras": 0,
                "total": 0
              }
            },
            {
              "batter": "JR Hopes",
              "bowler": "Iqbal Abdulla",
              "non_striker": "V Sehwag",
              "runs": {
                "batter": 1,
                "extras": 0,
                "total": 1
              }
            },
            {
              "batter": "V Sehwag",
              "bowler": "Iqbal Abdulla",
              "non_striker": "JR Hopes",
              "runs": {
                "batter": 0,
                "extras": 0,
                "total": 0
              }
            },
            {
              "batter": "V Sehwag",
              "bowler": "Iqbal Abdulla",
              "non_striker": "JR Hopes",
              "runs": {
                "batter": 4,
                "extras": 0,
                "total": 4
              }
            },
            {
              "batter": "V Sehwag",
              "bowler": "Iqbal Abdulla",
              "non_striker": "JR Hopes",
              "runs": {
                "batter": 1,
                "extras": 0,
                "total": 1
              }
            }
          ]
        },
        {
          "over": 6,
          "deliveries": [
            {
              "batter": "V Sehwag",
              "bowler": "JD Unadkat",
              "non_striker": "JR Hopes",
              "runs": {
                "batter": 1,
                "extras": 0,
                "total": 1
              }
            },
            {
              "batter": "JR Hopes",
              "bowler": "JD Unadkat",
              "non_striker": "V Sehwag",
              "runs": {
                "batter": 1,
                "extras": 0,
                "total": 1
              }
            },
            {
              "batter": "V Sehwag",
              "bowler": "JD Unadkat",
              "non_striker": "JR Hopes",
              "runs": {
                "batter": 0,
                "extras": 0,
                "total": 0
              }
            },
            {
              "batter": "V Sehwag",
              "bowler": "JD Unadkat",
              "non_striker": "JR Hopes",
              "runs": {
                "batter": 0,
                "extras": 0,
                "total": 0
              },
              "wickets": [
                {
                  "kind": "caught",
                  "player_out": "V Sehwag",
                  "fielders": [
                    {
                      "name": "L Balaji"
                    }
                  ]
                }
              ]
            },
            {
              "batter": "IK Pathan",
              "bowler": "JD Unadkat",
              "non_striker": "JR Hopes",
              "runs": {
                "batter": 0,
                "extras": 0,
                "total": 0
              }
            },
            {
              "batter": "IK Pathan",
              "bowler": "JD Unadkat",
              "non_striker": "JR Hopes",
              "runs": {
                "batter": 1,
                "extras": 0,
                "total": 1
              }
            }
          ]
        },
        {
          "over": 7,
          "deliveries": [
            {
              "batter": "IK Pathan",
              "bowler": "JH Kallis",
              "non_striker": "JR Hopes",
              "runs": {
                "batter": 1,
                "extras": 0,
                "total": 1
              }
            },
            {
              "batter": "JR Hopes",
              "bowler": "JH Kallis",
              "non_striker": "IK Pathan",
              "runs": {
                "batter": 0,
                "extras": 0,
                "total": 0
              }
            },
            {
              "batter": "JR Hopes",
              "bowler": "JH Kallis",
              "non_striker": "IK Pathan",
              "runs": {
                "batter": 0,
                "extras": 0,
                "total": 0
              }
            },
            {
              "batter": "JR Hopes",
              "bowler": "JH Kallis",
              "non_striker": "IK Pathan",
              "runs": {
                "batter": 1,
                "extras": 0,
                "total": 1
              }
            },
            {
              "batter": "IK Pathan",
              "bowler": "JH Kallis",
              "non_striker": "JR Hopes",
              "runs": {
                "batter": 1,
                "extras": 0,
                "total": 1
              }
            },
            {
              "batter": "JR Hopes",
              "bowler": "JH Kallis",
              "non_striker": "IK Pathan",
              "runs": {
                "batter": 1,
                "extras": 0,
                "total": 1
              }
            }
          ]
        },
        {
          "over": 8,
          "deliveries": [
            {
              "batter": "JR Hopes",
              "bowler": "JD Unadkat",
              "non_striker": "IK Pathan",
              "runs": {
                "batter": 0,
                "extras": 0,
                "total": 0
              }
            },
            {
              "batter": "JR Hopes",
              "bowler": "JD Unadkat",
              "non_striker": "IK Pathan",
              "runs": {
                "batter": 4,
                "extras": 0,
                "total": 4
              }
            },
            {
              "batter": "JR Hopes",
              "bowler": "JD Unadkat",
              "non_striker": "IK Pathan",
              "runs": {
                "batter": 1,
                "extras": 0,
                "total": 1
              }
            },
            {
              "batter": "IK Pathan",
              "bowler": "JD Unadkat",
              "non_striker": "JR Hopes",
              "runs": {
                "batter": 0,
                "extras": 0,
                "total": 0
              }
            },
            {
              "batter": "IK Pathan",
              "bowler": "JD Unadkat",
              "non_striker": "JR Hopes",
              "runs": {
                "batter": 0,
                "extras": 0,
                "total": 0
              }
            },
            {
              "batter": "IK Pathan",
              "bowler": "JD Unadkat",
              "non_striker": "JR Hopes",
              "runs": {
                "batter": 0,
                "extras": 0,
                "total": 0
              }
            }
          ]
        },
        {
          "over": 9,
          "deliveries": [
            {
              "batter": "JR Hopes",
              "bowler": "JH Kallis",
              "non_striker": "IK Pathan",
              "runs": {
                "batter": 0,
                "extras": 0,
                "total": 0
              }
            },
            {
              "batter": "JR Hopes",
              "bowler": "JH Kallis",
              "non_striker": "IK Pathan",
              "runs": {
                "batter": 1,
                "extras": 0,
                "total": 1
              }
            },
            {
              "batter": "IK Pathan",
              "bowler": "JH Kallis",
              "non_striker": "JR Hopes",
              "runs": {
                "batter": 0,
                "extras": 0,
                "total": 0
              }
            },
            {
              "batter": "IK Pathan",
              "bowler": "JH Kallis",
              "non_striker": "JR Hopes",
              "runs": {
                "batter": 0,
                "extras": 0,
                "total": 0
              }
            },
            {
              "batter": "IK Pathan",
              "bowler": "JH Kallis",
              "non_striker": "JR Hopes",
              "runs": {
                "batter": 0,
                "extras": 0,
                "total": 0
              }
            },
            {
              "batter": "IK Pathan",
              "bowler": "JH Kallis",
              "non_striker": "JR Hopes",
              "runs": {
                "batter": 6,
                "extras": 0,
                "total": 6
              }
            }
          ]
        },
        {
          "over": 10,
          "deliveries": [
            {
              "batter": "JR Hopes",
              "bowler": "Iqbal Abdulla",
              "non_striker": "IK Pathan",
              "runs": {
                "batter": 0,
                "extras": 0,
                "total": 0
              }
            },
            {
              "batter": "JR Hopes",
              "bowler": "Iqbal Abdulla",
              "non_striker": "IK Pathan",
              "runs": {
                "batter": 1,
                "extras": 0,
                "total": 1
              }
            },
            {
              "batter": "IK Pathan",
              "bowler": "Iqbal Abdulla",
              "non_striker": "JR Hopes",
              "runs": {
                "batter": 0,
                "extras": 0,
                "total": 0
              },
              "wickets": [
                {
                  "kind": "caught",
                  "player_out": "IK Pathan",
                  "fielders": [
                    {
                      "name": "RN ten Doeschate"
                    }
                  ]
                }
              ]
            },
            {
              "batter": "JR Hopes",
              "bowler": "Iqbal Abdulla",
              "non_striker": "TR Birt",
              "runs": {
                "batter": 1,
                "extras": 0,
                "total": 1
              }
            },
            {
              "batter": "TR Birt",
              "bowler": "Iqbal Abdulla",
              "non_striker": "JR Hopes",
              "runs": {
                "batter": 0,
                "extras": 0,
                "total": 0
              }
            },
            {
              "batter": "TR Birt",
              "bowler": "Iqbal Abdulla",
              "non_striker": "JR Hopes",
              "runs": {
                "batter": 0,
                "extras": 0,
                "total": 0
              }
            }
          ]
        },
        {
          "over": 11,
          "deliveries": [
            {
              "batter": "JR Hopes",
              "bowler": "YK Pathan",
              "non_striker": "TR Birt",
              "runs": {
                "batter": 1,
                "extras": 0,
                "total": 1
              }
            },
            {
              "batter": "TR Birt",
              "bowler": "YK Pathan",
              "non_striker": "JR Hopes",
              "runs": {
                "batter": 1,
                "extras": 0,
                "total": 1
              }
            },
            {
              "batter": "JR Hopes",
              "bowler": "YK Pathan",
              "non_striker": "TR Birt",
              "runs": {
                "batter": 1,
                "extras": 0,
                "total": 1
              }
            },
            {
              "batter": "TR Birt",
              "bowler": "YK Pathan",
              "non_striker": "JR Hopes",
              "runs": {
                "batter": 0,
                "extras": 0,
                "total": 0
              }
            },
            {
              "batter": "TR Birt",
              "bowler": "YK Pathan",
              "non_striker": "JR Hopes",
              "runs": {
                "batter": 0,
                "extras": 0,
                "total": 0
              }
            },
            {
              "batter": "TR Birt",
              "bowler": "YK Pathan",
              "non_striker": "JR Hopes",
              "runs": {
                "batter": 1,
                "extras": 0,
                "total": 1
              }
            }
          ]
        },
        {
          "over": 12,
          "deliveries": [
            {
              "batter": "TR Birt",
              "bowler": "Iqbal Abdulla",
              "non_striker": "JR Hopes",
              "runs": {
                "batter": 2,
                "extras": 0,
                "total": 2
              }
            },
            {
              "batter": "TR Birt",
              "bowler": "Iqbal Abdulla",
              "non_striker": "JR Hopes",
              "runs": {
                "batter": 2,
                "extras": 0,
                "total": 2
              }
            },
            {
              "batter": "TR Birt",
              "bowler": "Iqbal Abdulla",
              "non_striker": "JR Hopes",
              "runs": {
                "batter": 1,
                "extras": 0,
                "total": 1
              }
            },
            {
              "batter": "JR Hopes",
              "bowler": "Iqbal Abdulla",
              "extras": {
                "byes": 2
              },
              "non_striker": "TR Birt",
              "runs": {
                "batter": 0,
                "extras": 2,
                "total": 2
              }
            },
            {
              "batter": "JR Hopes",
              "bowler": "Iqbal Abdulla",
              "non_striker": "TR Birt",
              "runs": {
                "batter": 1,
                "extras": 0,
                "total": 1
              }
            },
            {
              "batter": "TR Birt",
              "bowler": "Iqbal Abdulla",
              "non_striker": "JR Hopes",
              "runs": {
                "batter": 1,
                "extras": 0,
                "total": 1
              }
            }
          ]
        },
        {
          "over": 13,
          "deliveries": [
            {
              "batter": "TR Birt",
              "bowler": "YK Pathan",
              "non_striker": "JR Hopes",
              "runs": {
                "batter": 0,
                "extras": 0,
                "total": 0
              },
              "wickets": [
                {
                  "kind": "caught",
                  "player_out": "TR Birt",
                  "fielders": [
                    {
                      "name": "Shakib Al Hasan",
                      "substitute": true
                    }
                  ]
                }
              ]
            },
            {
              "batter": "Y Venugopal Rao",
              "bowler": "YK Pathan",
              "non_striker": "JR Hopes",
              "runs": {
                "batter": 0,
                "extras": 0,
                "total": 0
              }
            },
            {
              "batter": "Y Venugopal Rao",
              "bowler": "YK Pathan",
              "non_striker": "JR Hopes",
              "runs": {
                "batter": 0,
                "extras": 0,
                "total": 0
              }
            },
            {
              "batter": "Y Venugopal Rao",
              "bowler": "YK Pathan",
              "non_striker": "JR Hopes",
              "runs": {
                "batter": 1,
                "extras": 0,
                "total": 1
              }
            },
            {
              "batter": "JR Hopes",
              "bowler": "YK Pathan",
              "non_striker": "Y Venugopal Rao",
              "runs": {
                "batter": 1,
                "extras": 0,
                "total": 1
              }
            },
            {
              "batter": "Y Venugopal Rao",
              "bowler": "YK Pathan",
              "non_striker": "JR Hopes",
              "runs": {
                "batter": 0,
                "extras": 0,
                "total": 0
              }
            }
          ]
        },
        {
          "over": 14,
          "deliveries": [
            {
              "batter": "JR Hopes",
              "bowler": "Iqbal Abdulla",
              "non_striker": "Y Venugopal Rao",
              "runs": {
                "batter": 6,
                "extras": 0,
                "total": 6
              }
            },
            {
              "batter": "JR Hopes",
              "bowler": "Iqbal Abdulla",
              "non_striker": "Y Venugopal Rao",
              "runs": {
                "batter": 0,
                "extras": 0,
                "total": 0
              },
              "wickets": [
                {
                  "kind": "caught",
                  "player_out": "JR Hopes",
                  "fielders": [
                    {
                      "name": "MK Tiwary"
                    }
                  ]
                }
              ]
            },
            {
              "batter": "NV Ojha",
              "bowler": "Iqbal Abdulla",
              "non_striker": "Y Venugopal Rao",
              "runs": {
                "batter": 1,
                "extras": 0,
                "total": 1
              }
            },
            {
              "batter": "Y Venugopal Rao",
              "bowler": "Iqbal Abdulla",
              "non_striker": "NV Ojha",
              "runs": {
                "batter": 1,
                "extras": 0,
                "total": 1
              }
            },
            {
              "batter": "NV Ojha",
              "bowler": "Iqbal Abdulla",
              "non_striker": "Y Venugopal Rao",
              "runs": {
                "batter": 0,
                "extras": 0,
                "total": 0
              },
              "wickets": [
                {
                  "kind": "caught",
                  "player_out": "NV Ojha",
                  "fielders": [
                    {
                      "name": "B Lee"
                    }
                  ]
                }
              ]
            },
            {
              "batter": "Y Venugopal Rao",
              "bowler": "Iqbal Abdulla",
              "non_striker": "Y Nagar",
              "runs": {
                "batter": 1,
                "extras": 0,
                "total": 1
              }
            }
          ]
        },
        {
          "over": 15,
          "deliveries": [
            {
              "batter": "Y Venugopal Rao",
              "bowler": "B Lee",
              "non_striker": "Y Nagar",
              "runs": {
                "batter": 4,
                "extras": 0,
                "total": 4
              }
            },
            {
              "batter": "Y Venugopal Rao",
              "bowler": "B Lee",
              "non_striker": "Y Nagar",
              "runs": {
                "batter": 1,
                "extras": 0,
                "total": 1
              }
            },
            {
              "batter": "Y Nagar",
              "bowler": "B Lee",
              "non_striker": "Y Venugopal Rao",
              "runs": {
                "batter": 2,
                "extras": 0,
                "total": 2
              }
            },
            {
              "batter": "Y Nagar",
              "bowler": "B Lee",
              "extras": {
                "wides": 1
              },
              "non_striker": "Y Venugopal Rao",
              "runs": {
                "batter": 0,
                "extras": 1,
                "total": 1
              }
            },
            {
              "batter": "Y Nagar",
              "bowler": "B Lee",
              "extras": {
                "wides": 1
              },
              "non_striker": "Y Venugopal Rao",
              "runs": {
                "batter": 0,
                "extras": 1,
                "total": 1
              }
            },
            {
              "batter": "Y Nagar",
              "bowler": "B Lee",
              "non_striker": "Y Venugopal Rao",
              "runs": {
                "batter": 1,
                "extras": 0,
                "total": 1
              }
            },
            {
              "batter": "Y Venugopal Rao",
              "bowler": "B Lee",
              "non_striker": "Y Nagar",
              "runs": {
                "batter": 2,
                "extras": 0,
                "total": 2
              }
            },
            {
              "batter": "Y Venugopal Rao",
              "bowler": "B Lee",
              "non_striker": "Y Nagar",
              "runs": {
                "batter": 1,
                "extras": 0,
                "total": 1
              }
            }
          ]
        },
        {
          "over": 16,
          "deliveries": [
            {
              "batter": "Y Venugopal Rao",
              "bowler": "JD Unadkat",
              "non_striker": "Y Nagar",
              "runs": {
                "batter": 1,
                "extras": 0,
                "total": 1
              }
            },
            {
              "batter": "Y Nagar",
              "bowler": "JD Unadkat",
              "non_striker": "Y Venugopal Rao",
              "runs": {
                "batter": 6,
                "extras": 0,
                "total": 6
              }
            },
            {
              "batter": "Y Nagar",
              "bowler": "JD Unadkat",
              "non_striker": "Y Venugopal Rao",
              "runs": {
                "batter": 0,
                "extras": 0,
                "total": 0
              }
            },
            {
              "batter": "Y Nagar",
              "bowler": "JD Unadkat",
              "non_striker": "Y Venugopal Rao",
              "runs": {
                "batter": 0,
                "extras": 0,
                "total": 0
              }
            },
            {
              "batter": "Y Nagar",
              "bowler": "JD Unadkat",
              "non_striker": "Y Venugopal Rao",
              "runs": {
                "batter": 3,
                "extras": 0,
                "total": 3
              }
            },
            {
              "batter": "Y Venugopal Rao",
              "bowler": "JD Unadkat",
              "non_striker": "Y Nagar",
              "runs": {
                "batter": 0,
                "extras": 0,
                "total": 0
              }
            }
          ]
        },
        {
          "over": 17,
          "deliveries": [
            {
              "batter": "Y Nagar",
              "bowler": "L Balaji",
              "extras": {
                "byes": 1
              },
              "non_striker": "Y Venugopal Rao",
              "runs": {
                "batter": 0,
                "extras": 1,
                "total": 1
              }
            },
            {
              "batter": "Y Venugopal Rao",
              "bowler": "L Balaji",
              "non_striker": "Y Nagar",
              "runs": {
                "batter": 0,
                "extras": 0,
                "total": 0
              }
            },
            {
              "batter": "Y Venugopal Rao",
              "bowler": "L Balaji",
              "non_striker": "Y Nagar",
              "runs": {
                "batter": 2,
                "extras": 0,
                "total": 2
              }
            },
            {
              "batter": "Y Venugopal Rao",
              "bowler": "L Balaji",
              "non_striker": "Y Nagar",
              "runs": {
                "batter": 4,
                "extras": 0,
                "total": 4
              }
            },
            {
              "batter": "Y Venugopal Rao",
              "bowler": "L Balaji",
              "non_striker": "Y Nagar",
              "runs": {
                "batter": 1,
                "extras": 0,
                "total": 1
              }
            },
            {
              "batter": "Y Nagar",
              "bowler": "L Balaji",
              "non_striker": "Y Venugopal Rao",
              "runs": {
                "batter": 6,
                "extras": 0,
                "total": 6
              }
            }
          ]
        },
        {
          "over": 18,
          "deliveries": [
            {
              "batter": "Y Venugopal Rao",
              "bowler": "B Lee",
              "non_striker": "Y Nagar",
              "runs": {
                "batter": 0,
                "extras": 0,
                "total": 0
              }
            },
            {
              "batter": "Y Venugopal Rao",
              "bowler": "B Lee",
              "non_striker": "Y Nagar",
              "runs": {
                "batter": 0,
                "extras": 0,
                "total": 0
              },
              "wickets": [
                {
                  "kind": "run out",
                  "player_out": "Y Venugopal Rao",
                  "fielders": [
                    {
                      "name": "SP Goswami"
                    },
                    {
                      "name": "B Lee"
                    }
                  ]
                }
              ]
            },
            {
              "batter": "Y Nagar",
              "bowler": "B Lee",
              "non_striker": "AB Agarkar",
              "runs": {
                "batter": 0,
                "extras": 0,
                "total": 0
              },
              "wickets": [
                {
                  "kind": "run out",
                  "player_out": "AB Agarkar",
                  "fielders": [
                    {
                      "name": "L Balaji"
                    },
                    {
                      "name": "B Lee"
                    }
                  ]
                }
              ]
            },
            {
              "batter": "Y Nagar",
              "bowler": "B Lee",
              "non_striker": "M Morkel",
              "runs": {
                "batter": 1,
                "extras": 0,
                "total": 1
              }
            },
            {
              "batter": "M Morkel",
              "bowler": "B Lee",
              "non_striker": "Y Nagar",
              "runs": {
                "batter": 1,
                "extras": 0,
                "total": 1
              }
            },
            {
              "batter": "Y Nagar",
              "bowler": "B Lee",
              "non_striker": "M Morkel",
              "runs": {
                "batter": 0,
                "extras": 0,
                "total": 0
              }
            }
          ]
        },
        {
          "over": 19,
          "deliveries": [
            {
              "batter": "M Morkel",
              "bowler": "L Balaji",
              "non_striker": "Y Nagar",
              "runs": {
                "batter": 0,
                "extras": 0,
                "total": 0
              }
            },
            {
              "batter": "M Morkel",
              "bowler": "L Balaji",
              "non_striker": "Y Nagar",
              "runs": {
                "batter": 4,
                "extras": 0,
                "total": 4
              }
            },
            {
              "batter": "M Morkel",
              "bowler": "L Balaji",
              "non_striker": "Y Nagar",
              "runs": {
                "batter": 0,
                "extras": 0,
                "total": 0
              }
            },
            {
              "batter": "M Morkel",
              "bowler": "L Balaji",
              "non_striker": "Y Nagar",
              "runs": {
                "batter": 1,
                "extras": 0,
                "total": 1
              }
            },
            {
              "batter": "Y Nagar",
              "bowler": "L Balaji",
              "non_striker": "M Morkel",
              "runs": {
                "batter": 0,
                "extras": 0,
                "total": 0
              },
              "wickets": [
                {
                  "kind": "caught",
                  "player_out": "Y Nagar",
                  "fielders": [
                    {
                      "name": "SP Goswami"
                    }
                  ]
                }
              ]
            },
            {
              "batter": "UT Yadav",
              "bowler": "L Balaji",
              "non_striker": "M Morkel",
              "runs": {
                "batter": 1,
                "extras": 0,
                "total": 1
              }
            }
          ]
        }
      ],
      "powerplays": [
        {
          "from": 0.1,
          "to": 5.7,
          "type": "mandatory"
        }
      ],
      "target": {
        "overs": 20,
        "runs": 149
      }
    }
  ]
}