{
  "meta": {
    "data_version": "1.0.0",
    "created": "2011-04-28",
    "revision": 3
  },
  "info": {
    "balls_per_over": 6,
    "city": "Delhi",
    "dates": [
      "2011-04-26"
    ],
    "event": {
      "match_number": 30,
      "name": "Indian Premier League"
    },
    "gender": "male",
    "match_type": "T20",
    "officials": {
      "match_referees": [
        "J Srinath"
      ],
      "reserve_umpires": [
        "AK Chaudhary"
      ],
      "tv_umpires": [
        "PR Reiffel"
      ],
      "umpires": [
        "S Asnani",
        "RJ Tucker"
      ]
    },
    "outcome": {
      "by": {
        "wickets": 3
      },
      "winner": "Royal Challengers Bangalore"
    },
    "overs": 20,
    "player_of_match": [
      "V Kohli"
    ],
    "players": {
      "Delhi Daredevils": [
        "DA Warner",
        "V Sehwag",
        "JR Hopes",
        "MS Wade",
        "Y Venugopal Rao",
        "NV Ojha",
        "IK Pathan",
        "Y Nagar",
        "M Morkel",
        "AB Dinda",
        "UT Yadav"
      ],
      "Royal Challengers Bangalore": [
        "CH Gayle",
        "TM Dilshan",
        "V Kohli",
        "AB de Villiers",
        "SS Tiwary",
        "CA Pujara",
        "DL Vettori",
        "A Mithun",
        "J Syed Mohammad",
        "Z Khan",
        "S Aravind"
      ]
    },
    "registry": {
      "people": {
        "AK Chaudhary": "fdcc6236",
        "A Mithun": "66cf56a5",
        "AB Dinda": "66b30f71",
        "AB de Villiers": "c4487b84",
        "CA Pujara": "d4f9dbd4",
        "CH Gayle": "db584dad",
        "DA Warner": "dcce6f09",
        "DL Vettori": "d7c6af50",
        "IK Pathan": "5fa06777",
        "J Srinath": "bad31fac",
        "J Syed Mohammad": "c64c2443",
        "JR Hopes": "2498e163",
        "M Morkel": "5bb5a915",
        "MS Wade": "afa7e784",
        "NV Ojha": "890946a0",
        "PR Reiffel": "c9354f29",
        "RJ Tucker": "38810cfc",
        "S Aravind": "957532de",
        "S Asnani": "b04524bc",
        "SS Tiwary": "709b0bac",
        "TM Dilshan": "5bdcdb72",
        "UT Yadav": "cc1e8c68",
        "V Kohli": "ba607b88",
        "V Sehwag": "8ba8195d",
        "Y Nagar": "662c47a6",
        "Y Venugopal Rao": "fe763256",
        "Z Khan": "91a4a398"
      }
    },
    "season": 2011,
    "team_type": "club",
    "teams": [
      "Delhi Daredevils",
      "Royal Challengers Bangalore"
    ],
    "toss": {
      "decision": "field",
      "winner": "Royal Challengers Bangalore"
    },
    "venue": "Feroz Shah Kotla"
  },
  "innings": [
    {
      "team": "Delhi Daredevils",
      "overs": [
        {
          "over": 0,
          "deliveries": [
            {
              "batter": "DA Warner",
              "bowler": "Z Khan",
              "non_striker": "V Sehwag",
              "runs": {
                "batter": 0,
                "extras": 0,
                "total": 0
              }
            },
            {
              "batter": "DA Warner",
              "bowler": "Z Khan",
              "extras": {
                "legbyes": 1
              },
              "non_striker": "V Sehwag",
              "runs": {
                "batter": 0,
                "extras": 1,
                "total": 1
              }
            },
            {
              "batter": "V Sehwag",
              "bowler": "Z Khan",
              "non_striker": "DA Warner",
              "runs": {
                "batter": 4,
                "extras": 0,
                "total": 4
              }
            },
            {
              "batter": "V Sehwag",
              "bowler": "Z Khan",
              "non_striker": "DA Warner",
              "runs": {
                "batter": 0,
                "extras": 0,
                "total": 0
              }
            },
            {
              "batter": "V Sehwag",
              "bowler": "Z Khan",
              "non_striker": "DA Warner",
              "runs": {
                "batter": 1,
                "extras": 0,
                "total": 1
              }
            },
            {
              "batter": "DA Warner",
              "bowler": "Z Khan",
              "non_striker": "V Sehwag",
              "runs": {
                "batter": 0,
                "extras": 0,
                "total": 0
              }
            }
          ]
        },
        {
          "over": 1,
          "deliveries": [
            {
              "batter": "V Sehwag",
              "bowler": "S Aravind",
              "non_striker": "DA Warner",
              "runs": {
                "batter": 2,
                "extras": 0,
                "total": 2
              }
            },
            {
              "batter": "V Sehwag",
              "bowler": "S Aravind",
              "non_striker": "DA Warner",
              "runs": {
                "batter": 2,
                "extras": 0,
                "total": 2
              }
            },
            {
              "batter": "V Sehwag",
              "bowler": "S Aravind",
              "non_striker": "DA Warner",
              "runs": {
                "batter": 4,
                "extras": 0,
                "total": 4
              }
            },
            {
              "batter": "V Sehwag",
              "bowler": "S Aravind",
              "non_striker": "DA Warner",
              "runs": {
                "batter": 2,
                "extras": 0,
                "total": 2
              }
            },
            {
              "batter": "V Sehwag",
              "bowler": "S Aravind",
              "non_striker": "DA Warner",
              "runs": {
                "batter": 0,
                "extras": 0,
                "total": 0
              }
            },
            {
              "batter": "V Sehwag",
              "bowler": "S Aravind",
              "non_striker": "DA Warner",
              "runs": {
                "batter": 0,
                "extras": 0,
                "total": 0
              }
            }
          ]
        },
        {
          "over": 2,
          "deliveries": [
            {
              "batter": "DA Warner",
              "bowler": "Z Khan",
              "extras": {
                "wides": 1
              },
              "non_striker": "V Sehwag",
              "runs": {
                "batter": 0,
                "extras": 1,
                "total": 1
              }
            },
            {
              "batter": "DA Warner",
              "bowler": "Z Khan",
              "non_striker": "V Sehwag",
              "runs": {
                "batter": 1,
                "extras": 0,
                "total": 1
              }
            },
            {
              "batter": "V Sehwag",
              "bowler": "Z Khan",
              "non_striker": "DA Warner",
              "runs": {
                "batter": 4,
                "extras": 0,
                "total": 4
              }
            },
            {
              "batter": "V Sehwag",
              "bowler": "Z Khan",
              "non_striker": "DA Warner",
              "runs": {
                "batter": 0,
                "extras": 0,
                "total": 0
              }
            },
            {
              "batter": "V Sehwag",
              "bowler": "Z Khan",
              "non_striker": "DA Warner",
              "runs": {
                "batter": 0,
                "extras": 0,
                "total": 0
              }
            },
            {
              "batter": "V Sehwag",
              "bowler": "Z Khan",
              "non_striker": "DA Warner",
              "runs": {
                "batter": 1,
                "extras": 0,
                "total": 1
              }
            },
            {
              "batter": "DA Warner",
              "bowler": "Z Khan",
              "non_striker": "V Sehwag",
              "runs": {
                "batter": 1,
                "extras": 0,
                "total": 1
              }
            }
          ]
        },
        {
          "over": 3,
          "deliveries": [
            {
              "batter": "DA Warner",
              "bowler": "S Aravind",
              "non_striker": "V Sehwag",
              "runs": {
                "batter": 0,
                "extras": 0,
                "total": 0
              }
            },
            {
              "batter": "DA Warner",
              "bowler": "S Aravind",
              "non_striker": "V Sehwag",
              "runs": {
                "batter": 1,
                "extras": 0,
                "total": 1
              }
            },
            {
              "batter": "V Sehwag",
              "bowler": "S Aravind",
              "non_striker": "DA Warner",
              "runs": {
                "batter": 2,
                "extras": 0,
                "total": 2
              }
            },
            {
              "batter": "V Sehwag",
              "bowler": "S Aravind",
              "non_striker": "DA Warner",
              "runs": {
                "batter": 1,
                "extras": 0,
                "total": 1
              }
            },
            {
              "batter": "DA Warner",
              "bowler": "S Aravind",
              "non_striker": "V Sehwag",
              "runs": {
                "batter": 0,
                "extras": 0,
                "total": 0
              }
            },
            {
              "batter": "DA Warner",
              "bowler": "S Aravind",
              "extras": {
                "legbyes": 1
              },
              "non_striker": "V Sehwag",
              "runs": {
                "batter": 0,
                "extras": 1,
                "total": 1
              }
            }
          ]
        },
        {
          "over": 4,
          "deliveries": [
            {
              "batter": "DA Warner",
              "bowler": "Z Khan",
              "non_striker": "V Sehwag",
              "runs": {
                "batter": 4,
                "extras": 0,
                "total": 4
              }
            },
            {
              "batter": "DA Warner",
              "bowler": "Z Khan",
              "non_striker": "V Sehwag",
              "runs": {
                "batter": 0,
                "extras": 0,
                "total": 0
              },
              "wickets": [
                {
                  "kind": "bowled",
                  "player_out": "DA Warner"
                }
              ]
            },
            {
              "batter": "JR Hopes",
              "bowler": "Z Khan",
              "non_striker": "V Sehwag",
              "runs": {
                "batter": 0,
                "extras": 0,
                "total": 0
              }
            },
            {
              "batter": "JR Hopes",
              "bowler": "Z Khan",
              "non_striker": "V Sehwag",
              "runs": {
                "batter": 0,
                "extras": 0,
                "total": 0
              }
            },
            {
              "batter": "JR Hopes",
              "bowler": "Z Khan",
              "non_striker": "V Sehwag",
              "runs": {
                "batter": 1,
                "extras": 0,
                "total": 1
              }
            },
            {
              "batter": "V Sehwag",
              "bowler": "Z Khan",
              "non_striker": "JR Hopes",
              "runs": {
                "batter": 0,
                "extras": 0,
                "total": 0
              }
            }
          ]
        },
        {
          "over": 5,
          "deliveries": [
            {
              "batter": "JR Hopes",
              "bowler": "S Aravind",
              "non_striker": "V Sehwag",
              "runs": {
                "batter": 0,
                "extras": 0,
                "total": 0
              }
            },
            {
              "batter": "JR Hopes",
              "bowler": "S Aravind",
              "non_striker": "V Sehwag",
              "runs": {
                "batter": 0,
                "extras": 0,
                "total": 0
              }
            },
            {
              "batter": "JR Hopes",
              "bowler": "S Aravind",
              "non_striker": "V Sehwag",
              "runs": {
                "batter": 4,
                "extras": 0,
                "total": 4
              }
            },
            {
              "batter": "JR Hopes",
              "bowler": "S Aravind",
              "non_striker": "V Sehwag",
              "runs": {
                "batter": 2,
                "extras": 0,
                "total": 2
              }
            },
            {
              "batter": "JR Hopes",
              "bowler": "S Aravind",
              "non_striker": "V Sehwag",
              "runs": {
                "batter": 1,
                "extras": 0,
                "total": 1
              }
            },
            {
              "batter": "V Sehwag",
              "bowler": "S Aravind",
              "non_striker": "JR Hopes",
              "runs": {
                "batter": 1,
                "extras": 0,
                "total": 1
              }
            }
          ]
        },
        {
          "over": 6,
          "deliveries": [
            {
              "batter": "V Sehwag",
              "bowler": "DL Vettori",
              "non_striker": "JR Hopes",
              "runs": {
                "batter": 1,
                "extras": 0,
                "total": 1
              }
            },
            {
              "batter": "JR Hopes",
              "bowler": "DL Vettori",
              "non_striker": "V Sehwag",
              "runs": {
                "batter": 0,
                "extras": 0,
                "total": 0
              },
              "wickets": [
                {
                  "kind": "run out",
                  "player_out": "V Sehwag",
                  "fielders": [
                    {
                      "name": "A Mithun"
                    },
                    {
                      "name": "AB de Villiers"
                    }
                  ]
                }
              ]
            },
            {
              "batter": "MS Wade",
              "bowler": "DL Vettori",
              "non_striker": "JR Hopes",
              "runs": {
                "batter": 1,
                "extras": 0,
                "total": 1
              }
            },
            {
              "batter": "JR Hopes",
              "bowler": "DL Vettori",
              "non_striker": "MS Wade",
              "runs": {
                "batter": 1,
                "extras": 0,
                "total": 1
              }
            },
            {
              "batter": "MS Wade",
              "bowler": "DL Vettori",
              "non_striker": "JR Hopes",
              "runs": {
                "batter": 0,
                "extras": 0,
                "total": 0
              }
            },
            {
              "batter": "MS Wade",
              "bowler": "DL Vettori",
              "non_striker": "JR Hopes",
              "runs": {
                "batter": 1,
                "extras": 0,
                "total": 1
              }
            }
          ]
        },
        {
          "over": 7,
          "deliveries": [
            {
              "batter": "MS Wade",
              "bowler": "CH Gayle",
              "non_striker": "JR Hopes",
              "runs": {
                "batter": 1,
                "extras": 0,
                "total": 1
              }
            },
            {
              "batter": "JR Hopes",
              "bowler": "CH Gayle",
              "non_striker": "MS Wade",
              "runs": {
                "batter": 4,
                "extras": 0,
                "total": 4
              }
            },
            {
              "batter": "JR Hopes",
              "bowler": "CH Gayle",
              "non_striker": "MS Wade",
              "runs": {
                "batter": 4,
                "extras": 0,
                "total": 4
              }
            },
            {
              "batter": "JR Hopes",
              "bowler": "CH Gayle",
              "non_striker": "MS Wade",
              "runs": {
                "batter": 0,
                "extras": 0,
                "total": 0
              }
            },
            {
              "batter": "JR Hopes",
              "bowler": "CH Gayle",
              "non_striker": "MS Wade",
              "runs": {
                "batter": 2,
                "extras": 0,
                "total": 2
              }
            },
            {
              "batter": "JR Hopes",
              "bowler": "CH Gayle",
              "non_striker": "MS Wade",
              "runs": {
                "batter": 0,
                "extras": 0,
                "total": 0
              }
            }
          ]
        },
        {
          "over": 8,
          "deliveries": [
            {
              "batter": "MS Wade",
              "bowler": "DL Vettori",
              "non_striker": "JR Hopes",
              "runs": {
                "batter": 1,
                "extras": 0,
                "total": 1
              }
            },
            {
              "batter": "JR Hopes",
              "bowler": "DL Vettori",
              "non_striker": "MS Wade",
              "runs": {
                "batter": 0,
                "extras": 0,
                "total": 0
              }
            },
            {
              "batter": "JR Hopes",
              "bowler": "DL Vettori",
              "non_striker": "MS Wade",
              "runs": {
                "batter": 1,
                "extras": 0,
                "total": 1
              }
            },
            {
              "batter": "MS Wade",
              "bowler": "DL Vettori",
              "non_striker": "JR Hopes",
              "runs": {
                "batter": 1,
                "extras": 0,
                "total": 1
              }
            },
            {
              "batter": "JR Hopes",
              "bowler": "DL Vettori",
              "non_striker": "MS Wade",
              "runs": {
                "batter": 4,
                "extras": 0,
                "total": 4
              }
            },
            {
              "batter": "JR Hopes",
              "bowler": "DL Vettori",
              "non_striker": "MS Wade",
              "runs": {
                "batter": 0,
                "extras": 0,
                "total": 0
              }
            }
          ]
        },
        {
          "over": 9,
          "deliveries": [
            {
              "batter": "MS Wade",
              "bowler": "A Mithun",
              "non_striker": "JR Hopes",
              "runs": {
                "batter": 2,
                "extras": 0,
                "total": 2
              }
            },
            {
              "batter": "MS Wade",
              "bowler": "A Mithun",
              "non_striker": "JR Hopes",
              "runs": {
                "batter": 1,
                "extras": 0,
                "total": 1
              }
            },
            {
              "batter": "JR Hopes",
              "bowler": "A Mithun",
              "non_striker": "MS Wade",
              "runs": {
                "batter": 1,
                "extras": 0,
                "total": 1
              }
            },
            {
              "batter": "MS Wade",
              "bowler": "A Mithun",
              "non_striker": "JR Hopes",
              "runs": {
                "batter": 0,
                "extras": 0,
                "total": 0
              },
              "wickets": [
                {
                  "kind": "bowled",
                  "player_out": "MS Wade"
                }
              ]
            },
            {
              "batter": "Y Venugopal Rao",
              "bowler": "A Mithun",
              "non_striker": "JR Hopes",
              "runs": {
                "batter": 0,
                "extras": 0,
                "total": 0
              }
            },
            {
              "batter": "Y Venugopal Rao",
              "bowler": "A Mithun",
              "non_striker": "JR Hopes",
              "runs": {
                "batter": 1,
                "extras": 0,
                "total": 1
              }
            }
          ]
        },
        {
          "over": 10,
          "deliveries": [
            {
              "batter": "Y Venugopal Rao",
              "bowler": "J Syed Mohammad",
              "non_striker": "JR Hopes",
              "runs": {
                "batter": 1,
                "extras": 0,
                "total": 1
              }
            },
            {
              "batter": "JR Hopes",
              "bowler": "J Syed Mohammad",
              "non_striker": "Y Venugopal Rao",
              "runs": {
                "batter": 0,
                "extras": 0,
                "total": 0
              }
            },
            {
              "batter": "JR Hopes",
              "bowler": "J Syed Mohammad",
              "non_striker": "Y Venugopal Rao",
              "runs": {
                "batter": 1,
                "extras": 0,
                "total": 1
              }
            },
            {
              "batter": "Y Venugopal Rao",
              "bowler": "J Syed Mohammad",
              "non_striker": "JR Hopes",
              "runs": {
                "batter": 1,
                "extras": 0,
                "total": 1
              }
            },
            {
              "batter": "JR Hopes",
              "bowler": "J Syed Mohammad",
              "non_striker": "Y Venugopal Rao",
              "runs": {
                "batter": 1,
                "extras": 0,
                "total": 1
              }
            },
            {
              "batter": "Y Venugopal Rao",
              "bowler": "J Syed Mohammad",
              "non_striker": "JR Hopes",
              "runs": {
                "batter": 1,
                "extras": 0,
                "total": 1
              }
            }
          ]
        },
        {
          "over": 11,
          "deliveries": [
            {
              "batter": "Y Venugopal Rao",
              "bowler": "A Mithun",
              "extras": {
                "noballs": 1
              },
              "non_striker": "JR Hopes",
              "runs": {
                "batter": 0,
                "extras": 1,
                "total": 1
              }
            },
            {
              "batter": "Y Venugopal Rao",
              "bowler": "A Mithun",
              "non_striker": "JR Hopes",
              "runs": {
                "batter": 4,
                "extras": 0,
                "total": 4
              }
            },
            {
              "batter": "Y Venugopal Rao",
              "bowler": "A Mithun",
              "non_striker": "JR Hopes",
              "runs": {
                "batter": 0,
                "extras": 0,
                "total": 0
              }
            },
            {
              "batter": "Y Venugopal Rao",
              "bowler": "A Mithun",
              "non_striker": "JR Hopes",
              "runs": {
                "batter": 1,
                "extras": 0,
                "total": 1
              }
            },
            {
              "batter": "JR Hopes",
              "bowler": "A Mithun",
              "non_striker": "Y Venugopal Rao",
              "runs": {
                "batter": 1,
                "extras": 0,
                "total": 1
              }
            },
            {
              "batter": "Y Venugopal Rao",
              "bowler": "A Mithun",
              "non_striker": "JR Hopes",
              "runs": {
                "batter": 4,
                "extras": 0,
                "total": 4
              }
            },
            {
              "batter": "Y Venugopal Rao",
              "bowler": "A Mithun",
              "non_striker": "JR Hopes",
              "runs": {
                "batter": 0,
                "extras": 0,
                "total": 0
              }
            }
          ]
        },
        {
          "over": 12,
          "deliveries": [
            {
              "batter": "JR Hopes",
              "bowler": "J Syed Mohammad",
              "non_striker": "Y Venugopal Rao",
              "runs": {
                "batter": 1,
                "extras": 0,
                "total": 1
              }
            },
            {
              "batter": "Y Venugopal Rao",
              "bowler": "J Syed Mohammad",
              "non_striker": "JR Hopes",
              "runs": {
                "batter": 0,
                "extras": 0,
                "total": 0
              }
            },
            {
              "batter": "Y Venugopal Rao",
              "bowler": "J Syed Mohammad",
              "non_striker": "JR Hopes",
              "runs": {
                "batter": 1,
                "extras": 0,
                "total": 1
              }
            },
            {
              "batter": "JR Hopes",
              "bowler": "J Syed Mohammad",
              "non_striker": "Y Venugopal Rao",
              "runs": {
                "batter": 4,
                "extras": 0,
                "total": 4
              }
            },
            {
              "batter": "JR Hopes",
              "bowler": "J Syed Mohammad",
              "non_striker": "Y Venugopal Rao",
              "runs": {
                "batter": 4,
                "extras": 0,
                "total": 4
              }
            },
            {
              "batter": "JR Hopes",
              "bowler": "J Syed Mohammad",
              "non_striker": "Y Venugopal Rao",
              "runs": {
                "batter": 2,
                "extras": 0,
                "total": 2
              }
            }
          ]
        },
        {
          "over": 13,
          "deliveries": [
            {
              "batter": "Y Venugopal Rao",
              "bowler": "DL Vettori",
              "non_striker": "JR Hopes",
              "runs": {
                "batter": 1,
                "extras": 0,
                "total": 1
              }
            },
            {
              "batter": "JR Hopes",
              "bowler": "DL Vettori",
              "extras": {
                "wides": 1
              },
              "non_striker": "Y Venugopal Rao",
              "runs": {
                "batter": 0,
                "extras": 1,
                "total": 1
              }
            },
            {
              "batter": "JR Hopes",
              "bowler": "DL Vettori",
              "non_striker": "Y Venugopal Rao",
              "runs": {
                "batter": 2,
                "extras": 0,
                "total": 2
              }
            },
            {
              "batter": "JR Hopes",
              "bowler": "DL Vettori",
              "non_striker": "Y Venugopal Rao",
              "runs": {
                "batter": 1,
                "extras": 0,
                "total": 1
              }
            },
            {
              "batter": "Y Venugopal Rao",
              "bowler": "DL Vettori",
              "non_striker": "JR Hopes",
              "runs": {
                "batter": 1,
                "extras": 0,
                "total": 1
              }
            },
            {
              "batter": "JR Hopes",
              "bowler": "DL Vettori",
              "non_striker": "Y Venugopal Rao",
              "runs": {
                "batter": 1,
                "extras": 0,
                "total": 1
              }
            },
            {
              "batter": "Y Venugopal Rao",
              "bowler": "DL Vettori",
              "extras": {
                "legbyes": 1
              },
              "non_striker": "JR Hopes",
              "runs": {
                "batter": 0,
                "extras": 1,
                "total": 1
              }
            }
          ]
        },
        {
          "over": 14,
          "deliveries": [
            {
              "batter": "Y Venugopal Rao",
              "bowler": "A Mithun",
              "non_striker": "JR Hopes",
              "runs": {
                "batter": 6,
                "extras": 0,
                "total": 6
              }
            },
            {
              "batter": "Y Venugopal Rao",
              "bowler": "A Mithun",
              "non_striker": "JR Hopes",
              "runs": {
                "batter": 1,
                "extras": 0,
                "total": 1
              }
            },
            {
              "batter": "JR Hopes",
              "bowler": "A Mithun",
              "non_striker": "Y Venugopal Rao",
              "runs": {
                "batter": 0,
                "extras": 0,
                "total": 0
              }
            },
            {
              "batter": "JR Hopes",
              "bowler": "A Mithun",
              "extras": {
                "noballs": 1
              },
              "non_striker": "Y Venugopal Rao",
              "runs": {
                "batter": 0,
                "extras": 1,
                "total": 1
              }
            },
            {
              "batter": "JR Hopes",
              "bowler": "A Mithun",
              "non_striker": "Y Venugopal Rao",
              "runs": {
                "batter": 1,
                "extras": 0,
                "total": 1
              }
            },
            {
              "batter": "Y Venugopal Rao",
              "bowler": "A Mithun",
              "non_striker": "JR Hopes",
              "runs": {
                "batter": 0,
                "extras": 0,
                "total": 0
              }
            },
            {
              "batter": "Y Venugopal Rao",
              "bowler": "A Mithun",
              "non_striker": "JR Hopes",
              "runs": {
                "batter": 1,
                "extras": 0,
                "total": 1
              }
            }
          ]
        },
        {
          "over": 15,
          "deliveries": [
            {
              "batter": "Y Venugopal Rao",
              "bowler": "DL Vettori",
              "non_striker": "JR Hopes",
              "runs": {
                "batter": 0,
                "extras": 0,
                "total": 0
              },
              "wickets": [
                {
                  "kind": "bowled",
                  "player_out": "Y Venugopal Rao"
                }
              ]
            },
            {
              "batter": "NV Ojha",
              "bowler": "DL Vettori",
              "non_striker": "JR Hopes",
              "runs": {
                "batter": 0,
                "extras": 0,
                "total": 0
              }
            },
            {
              "batter": "NV Ojha",
              "bowler": "DL Vettori",
              "non_striker": "JR Hopes",
              "runs": {
                "batter": 0,
                "extras": 0,
                "total": 0
              }
            },
            {
              "batter": "NV Ojha",
              "bowler": "DL Vettori",
              "non_striker": "JR Hopes",
              "runs": {
                "batter": 0,
                "extras": 0,
                "total": 0
              }
            },
            {
              "batter": "NV Ojha",
              "bowler": "DL Vettori",
              "non_striker": "JR Hopes",
              "runs": {
                "batter": 6,
                "extras": 0,
                "total": 6
              }
            },
            {
              "batter": "NV Ojha",
              "bowler": "DL Vettori",
              "non_striker": "JR Hopes",
              "runs": {
                "batter": 1,
                "extras": 0,
                "total": 1
              }
            }
          ]
        },
        {
          "over": 16,
          "deliveries": [
            {
              "batter": "NV Ojha",
              "bowler": "Z Khan",
              "non_striker": "JR Hopes",
              "runs": {
                "batter": 1,
                "extras": 0,
                "total": 1
              }
            },
            {
              "batter": "JR Hopes",
              "bowler": "Z Khan",
              "extras": {
                "wides": 1
              },
              "non_striker": "NV Ojha",
              "runs": {
                "batter": 0,
                "extras": 1,
                "total": 1
              }
            },
            {
              "batter": "JR Hopes",
              "bowler": "Z Khan",
              "non_striker": "NV Ojha",
              "runs": {
                "batter": 0,
                "extras": 0,
                "total": 0
              }
            },
            {
              "batter": "JR Hopes",
              "bowler": "Z Khan",
              "non_striker": "NV Ojha",
              "runs": {
                "batter": 0,
                "extras": 0,
                "total": 0
              }
            },
            {
              "batter": "JR Hopes",
              "bowler": "Z Khan",
              "non_striker": "NV Ojha",
              "runs": {
                "batter": 1,
                "extras": 0,
                "total": 1
              }
            },
            {
              "batter": "NV Ojha",
              "bowler": "Z Khan",
              "non_striker": "JR Hopes",
              "runs": {
                "batter": 0,
                "extras": 0,
                "total": 0
              }
            },
            {
              "batter": "NV Ojha",
              "bowler": "Z Khan",
              "non_striker": "JR Hopes",
              "runs": {
                "batter": 6,
                "extras": 0,
                "total": 6
              }
            }
          ]
        },
        {
          "over": 17,
          "deliveries": [
            {
              "batter": "JR Hopes",
              "bowler": "CH Gayle",
              "non_striker": "NV Ojha",
              "runs": {
                "batter": 4,
                "extras": 0,
                "total": 4
              }
            },
            {
              "batter": "JR Hopes",
              "bowler": "CH Gayle",
              "non_striker": "NV Ojha",
              "runs": {
                "batter": 1,
                "extras": 0,
                "total": 1
              }
            },
            {
              "batter": "NV Ojha",
              "bowler": "CH Gayle",
              "non_striker": "JR Hopes",
              "runs": {
                "batter": 1,
                "extras": 0,
                "total": 1
              }
            },
            {
              "batter": "JR Hopes",
              "bowler": "CH Gayle",
              "non_striker": "NV Ojha",
              "runs": {
                "batter": 1,
                "extras": 0,
                "total": 1
              }
            },
            {
              "batter": "NV Ojha",
              "bowler": "CH Gayle",
              "non_striker": "JR Hopes",
              "runs": {
                "batter": 1,
                "extras": 0,
                "total": 1
              }
            },
            {
              "batter": "JR Hopes",
              "bowler": "CH Gayle",
              "non_striker": "NV Ojha",
              "runs": {
                "batter": 1,
                "extras": 0,
                "total": 1
              }
            }
          ]
        },
        {
          "over": 18,
          "deliveries": [
            {
              "batter": "JR Hopes",
              "bowler": "A Mithun",
              "non_striker": "NV Ojha",
              "runs": {
                "batter": 2,
                "extras": 0,
                "total": 2
              }
            },
            {
              "batter": "JR Hopes",
              "bowler": "A Mithun",
              "non_striker": "NV Ojha",
              "runs": {
                "batter": 0,
                "extras": 0,
                "total": 0
              },
              "wickets": [
                {
                  "kind": "caught",
                  "player_out": "JR Hopes",
                  "fielders": [
                    {
                      "name": "AB de Villiers"
                    }
                  ]
                }
              ]
            },
            {
              "batter": "IK Pathan",
              "bowler": "A Mithun",
              "extras": {
                "wides": 1
              },
              "non_striker": "NV Ojha",
              "runs": {
                "batter": 0,
                "extras": 1,
                "total": 1
              }
            },
            {
              "batter": "IK Pathan",
              "bowler": "A Mithun",
              "extras": {
                "wides": 1
              },
              "non_striker": "NV Ojha",
              "runs": {
                "batter": 0,
                "extras": 1,
                "total": 1
              }
            },
            {
              "batter": "IK Pathan",
              "bowler": "A Mithun",
              "non_striker": "NV Ojha",
              "runs": {
                "batter": 6,
                "extras": 0,
                "total": 6
              }
            },
            {
              "batter": "IK Pathan",
              "bowler": "A Mithun",
              "non_striker": "NV Ojha",
              "runs": {
                "batter": 0,
                "extras": 0,
                "total": 0
              }
            },
            {
              "batter": "IK Pathan",
              "bowler": "A Mithun",
              "extras": {
                "wides": 1
              },
              "non_striker": "NV Ojha",
              "runs": {
                "batter": 0,
                "extras": 1,
                "total": 1
              }
            },
            {
              "batter": "IK Pathan",
              "bowler": "A Mithun",
              "non_striker": "NV Ojha",
              "runs": {
                "batter": 0,
                "extras": 0,
                "total": 0
              }
            },
            {
              "batter": "IK Pathan",
              "bowler": "A Mithun",
              "non_striker": "NV Ojha",
              "runs": {
                "batter": 0,
                "extras": 0,
                "total": 0
              }
            }
          ]
        },
        {
          "over": 19,
          "deliveries": [
            {
              "batter": "NV Ojha",
              "bowler": "S Aravind",
              "non_striker": "IK Pathan",
              "runs": {
                "batter": 0,
                "extras": 0,
                "total": 0
              },
              "wickets": [
                {
                  "kind": "caught",
                  "player_out": "NV Ojha",
                  "fielders": [
                    {
                      "name": "Z Khan"
                    }
                  ]
                }
              ]
            },
            {
              "batter": "IK Pathan",
              "bowler": "S Aravind",
              "non_striker": "Y Nagar",
              "runs": {
                "batter": 0,
                "extras": 0,
                "total": 0
              }
            },
            {
              "batter": "IK Pathan",
              "bowler": "S Aravind",
              "non_striker": "Y Nagar",
              "runs": {
                "batter": 6,
                "extras": 0,
                "total": 6
              }
            },
            {
              "batter": "IK Pathan",
              "bowler": "S Aravind",
              "non_striker": "Y Nagar",
              "runs": {
                "batter": 1,
                "extras": 0,
                "total": 1
              }
            },
            {
              "batter": "Y Nagar",
              "bowler": "S Aravind",
              "extras": {
                "wides": 1
              },
              "non_striker": "IK Pathan",
              "runs": {
                "batter": 0,
                "extras": 1,
                "total": 1
              }
            },
            {
              "batter": "Y Nagar",
              "bowler": "S Aravind",
              "non_striker": "IK Pathan",
              "runs": {
                "batter": 0,
                "extras": 0,
                "total": 0
              }
            },
            {
              "batter": "Y Nagar",
              "bowler": "S Aravind",
              "extras": {
                "legbyes": 1
              },
              "non_striker": "IK Pathan",
              "runs": {
                "batter": 0,
                "extras": 1,
                "total": 1
              }
            }
          ]
        }
      ],
      "powerplays": [
        {
          "from": 0.1,
          "to": 5.6,
          "type": "mandatory"
        }
      ]
    },
    {
      "team": "Royal Challengers Bangalore",
      "overs": [
        {
          "over": 0,
          "deliveries": [
            {
              "batter": "CH Gayle",
              "bowler": "AB Dinda",
              "extras": {
                "legbyes": 1
              },
              "non_striker": "TM Dilshan",
              "runs": {
                "batter": 0,
                "extras": 1,
                "total": 1
              }
            },
            {
              "batter": "TM Dilshan",
              "bowler": "AB Dinda",
              "non_striker": "CH Gayle",
              "runs": {
                "batter": 0,
                "extras": 0,
                "total": 0
              },
              "wickets": [
                {
                  "kind": "caught",
                  "player_out": "TM Dilshan",
                  "fielders": [
                    {
                      "name": "NV Ojha"
                    }
                  ]
                }
              ]
            },
            {
              "batter": "V Kohli",
              "bowler": "AB Dinda",
              "non_striker": "CH Gayle",
              "runs": {
                "batter": 0,
                "extras": 0,
                "total": 0
              }
            },
            {
              "batter": "V Kohli",
              "bowler": "AB Dinda",
              "non_striker": "CH Gayle",
              "runs": {
                "batter": 4,
                "extras": 0,
                "total": 4
              }
            },
            {
              "batter": "V Kohli",
              "bowler": "AB Dinda",
              "non_striker": "CH Gayle",
              "runs": {
                "batter": 4,
                "extras": 0,
                "total": 4
              }
            },
            {
              "batter": "V Kohli",
              "bowler": "AB Dinda",
              "non_striker": "CH Gayle",
              "runs": {
                "batter": 1,
                "extras": 0,
                "total": 1
              }
            }
          ]
        },
        {
          "over": 1,
          "deliveries": [
            {
              "batter": "V Kohli",
              "bowler": "IK Pathan",
              "non_striker": "CH Gayle",
              "runs": {
                "batter": 4,
                "extras": 0,
                "total": 4
              }
            },
            {
              "batter": "V Kohli",
              "bowler": "IK Pathan",
              "non_striker": "CH Gayle",
              "runs": {
                "batter": 4,
                "extras": 0,
                "total": 4
              }
            },
            {
              "batter": "V Kohli",
              "bowler": "IK Pathan",
              "non_striker": "CH Gayle",
              "runs": {
                "batter": 0,
                "extras": 0,
                "total": 0
              }
            },
            {
              "batter": "V Kohli",
              "bowler": "IK Pathan",
              "non_striker": "CH Gayle",
              "runs": {
                "batter": 4,
                "extras": 0,
                "total": 4
              }
            },
            {
              "batter": "V Kohli",
              "bowler": "IK Pathan",
              "non_striker": "CH Gayle",
              "runs": {
                "batter": 0,
                "extras": 0,
                "total": 0
              }
            },
            {
              "batter": "V Kohli",
              "bowler": "IK Pathan",
              "non_striker": "CH Gayle",
              "runs": {
                "batter": 4,
                "extras": 0,
                "total": 4
              }
            }
          ]
        },
        {
          "over": 2,
          "deliveries": [
            {
              "batter": "CH Gayle",
              "bowler": "AB Dinda",
              "non_striker": "V Kohli",
              "runs": {
                "batter": 0,
                "extras": 0,
                "total": 0
              }
            },
            {
              "batter": "CH Gayle",
              "bowler": "AB Dinda",
              "non_striker": "V Kohli",
              "runs": {
                "batter": 1,
                "extras": 0,
                "total": 1
              }
            },
            {
              "batter": "V Kohli",
              "bowler": "AB Dinda",
              "extras": {
                "wides": 1
              },
              "non_striker": "CH Gayle",
              "runs": {
                "batter": 0,
                "extras": 1,
                "total": 1
              }
            },
            {
              "batter": "V Kohli",
              "bowler": "AB Dinda",
              "non_striker": "CH Gayle",
              "runs": {
                "batter": 0,
                "extras": 0,
                "total": 0
              }
            },
            {
              "batter": "V Kohli",
              "bowler": "AB Dinda",
              "extras": {
                "wides": 5
              },
              "non_striker": "CH Gayle",
              "runs": {
                "batter": 0,
                "extras": 5,
                "total": 5
              }
            },
            {
              "batter": "V Kohli",
              "bowler": "AB Dinda",
              "non_striker": "CH Gayle",
              "runs": {
                "batter": 0,
                "extras": 0,
                "total": 0
              }
            },
            {
              "batter": "V Kohli",
              "bowler": "AB Dinda",
              "non_striker": "CH Gayle",
              "runs": {
                "batter": 0,
                "extras": 0,
                "total": 0
              }
            },
            {
              "batter": "V Kohli",
              "bowler": "AB Dinda",
              "non_striker": "CH Gayle",
              "runs": {
                "batter": 0,
                "extras": 0,
                "total": 0
              }
            }
          ]
        },
        {
          "over": 3,
          "deliveries": [
            {
              "batter": "CH Gayle",
              "bowler": "M Morkel",
              "non_striker": "V Kohli",
              "runs": {
                "batter": 1,
                "extras": 0,
                "total": 1
              }
            },
            {
              "batter": "V Kohli",
              "bowler": "M Morkel",
              "non_striker": "CH Gayle",
              "runs": {
                "batter": 0,
                "extras": 0,
                "total": 0
              }
            },
            {
              "batter": "V Kohli",
              "bowler": "M Morkel",
              "extras": {
                "legbyes": 1
              },
              "non_striker": "CH Gayle",
              "runs": {
                "batter": 0,
                "extras": 1,
                "total": 1
              }
            },
            {
              "batter": "CH Gayle",
              "bowler": "M Morkel",
              "non_striker": "V Kohli",
              "runs": {
                "batter": 0,
                "extras": 0,
                "total": 0
              }
            },
            {
              "batter": "CH Gayle",
              "bowler": "M Morkel",
              "non_striker": "V Kohli",
              "runs": {
                "batter": 4,
                "extras": 0,
                "total": 4
              }
            },
            {
              "batter": "CH Gayle",
              "bowler": "M Morkel",
              "non_striker": "V Kohli",
              "runs": {
                "batter": 6,
                "extras": 0,
                "total": 6
              }
            }
          ]
        },
        {
          "over": 4,
          "deliveries": [
            {
              "batter": "V Kohli",
              "bowler": "AB Dinda",
              "non_striker": "CH Gayle",
              "runs": {
                "batter": 1,
                "extras": 0,
                "total": 1
              }
            },
            {
              "batter": "CH Gayle",
              "bowler": "AB Dinda",
              "non_striker": "V Kohli",
              "runs": {
                "batter": 4,
                "extras": 0,
                "total": 4
              }
            },
            {
              "batter": "CH Gayle",
              "bowler": "AB Dinda",
              "non_striker": "V Kohli",
              "runs": {
                "batter": 1,
                "extras": 0,
                "total": 1
              }
            },
            {
              "batter": "V Kohli",
              "bowler": "AB Dinda",
              "non_striker": "CH Gayle",
              "runs": {
                "batter": 6,
                "extras": 0,
                "total": 6
              }
            },
            {
              "batter": "V Kohli",
              "bowler": "AB Dinda",
              "non_striker": "CH Gayle",
              "runs": {
                "batter": 1,
                "extras": 0,
                "total": 1
              }
            },
            {
              "batter": "CH Gayle",
              "bowler": "AB Dinda",
              "non_striker": "V Kohli",
              "runs": {
                "batter": 4,
                "extras": 0,
                "total": 4
              }
            }
          ]
        },
        {
          "over": 5,
          "deliveries": [
            {
              "batter": "V Kohli",
              "bowler": "M Morkel",
              "non_striker": "CH Gayle",
              "runs": {
                "batter": 0,
                "extras": 0,
                "total": 0
              }
            },
            {
              "batter": "V Kohli",
              "bowler": "M Morkel",
              "non_striker": "CH Gayle",
              "runs": {
                "batter": 0,
                "extras": 0,
                "total": 0
              }
            },
            {
              "batter": "V Kohli",
              "bowler": "M Morkel",
              "non_striker": "CH Gayle",
              "runs": {
                "batter": 0,
                "extras": 0,
                "total": 0
              }
            },
            {
              "batter": "V Kohli",
              "bowler": "M Morkel",
              "non_striker": "CH Gayle",
              "runs": {
                "batter": 1,
                "extras": 0,
                "total": 1
              }
            },
            {
              "batter": "CH Gayle",
              "bowler": "M Morkel",
              "non_striker": "V Kohli",
              "runs": {
                "batter": 1,
                "extras": 0,
                "total": 1
              }
            },
            {
              "batter": "V Kohli",
              "bowler": "M Morkel",
              "non_striker": "CH Gayle",
              "runs": {
                "batter": 1,
                "extras": 0,
                "total": 1
              }
            }
          ]
        },
        {
          "over": 6,
          "deliveries": [
            {
              "batter": "V Kohli",
              "bowler": "UT Yadav",
              "non_striker": "CH Gayle",
              "runs": {
                "batter": 1,
                "extras": 0,
                "total": 1
              }
            },
            {
              "batter": "CH Gayle",
              "bowler": "UT Yadav",
              "extras": {
                "legbyes": 1
              },
              "non_striker": "V Kohli",
              "runs": {
                "batter": 0,
                "extras": 1,
                "total": 1
              }
            },
            {
              "batter": "V Kohli",
              "bowler": "UT Yadav",
              "non_striker": "CH Gayle",
              "runs": {
                "batter": 4,
                "extras": 0,
                "total": 4
              }
            },
            {
              "batter": "V Kohli",
              "bowler": "UT Yadav",
              "non_striker": "CH Gayle",
              "runs": {
                "batter": 0,
                "extras": 0,
                "total": 0
              }
            },
            {
              "batter": "V Kohli",
              "bowler": "UT Yadav",
              "non_striker": "CH Gayle",
              "runs": {
                "batter": 6,
                "extras": 0,
                "total": 6
              }
            },
            {
              "batter": "V Kohli",
              "bowler": "UT Yadav",
              "non_striker": "CH Gayle",
              "runs": {
                "batter": 1,
                "extras": 0,
                "total": 1
              }
            }
          ]
        },
        {
          "over": 7,
          "deliveries": [
            {
              "batter": "V Kohli",
              "bowler": "JR Hopes",
              "non_striker": "CH Gayle",
              "runs": {
                "batter": 1,
                "extras": 0,
                "total": 1
              }
            },
            {
              "batter": "CH Gayle",
              "bowler": "JR Hopes",
              "non_striker": "V Kohli",
              "runs": {
                "batter": 4,
                "extras": 0,
                "total": 4
              }
            },
            {
              "batter": "CH Gayle",
              "bowler": "JR Hopes",
              "non_striker": "V Kohli",
              "runs": {
                "batter": 0,
                "extras": 0,
                "total": 0
              },
              "wickets": [
                {
                  "kind": "caught",
                  "player_out": "CH Gayle",
                  "fielders": [
                    {
                      "name": "Y Venugopal Rao"
                    }
                  ]
                }
              ]
            },
            {
              "batter": "V Kohli",
              "bowler": "JR Hopes",
              "non_striker": "AB de Villiers",
              "runs": {
                "batter": 4,
                "extras": 0,
                "total": 4
              }
            },
            {
              "batter": "V Kohli",
              "bowler": "JR Hopes",
              "non_striker": "AB de Villiers",
              "runs": {
                "batter": 0,
                "extras": 0,
                "total": 0
              }
            },
            {
              "batter": "V Kohli",
              "bowler": "JR Hopes",
              "non_striker": "AB de Villiers",
              "runs": {
                "batter": 1,
                "extras": 0,
                "total": 1
              }
            }
          ]
        },
        {
          "over": 8,
          "deliveries": [
            {
              "batter": "V Kohli",
              "bowler": "UT Yadav",
              "non_striker": "AB de Villiers",
              "runs": {
                "batter": 1,
                "extras": 0,
                "total": 1
              }
            },
            {
              "batter": "AB de Villiers",
              "bowler": "UT Yadav",
              "non_striker": "V Kohli",
              "runs": {
                "batter": 4,
                "extras": 0,
                "total": 4
              }
            },
            {
              "batter": "AB de Villiers",
              "bowler": "UT Yadav",
              "non_striker": "V Kohli",
              "runs": {
                "batter": 1,
                "extras": 0,
                "total": 1
              }
            },
            {
              "batter": "V Kohli",
              "bowler": "UT Yadav",
              "non_striker": "AB de Villiers",
              "runs": {
                "batter": 0,
                "extras": 0,
                "total": 0
              }
            },
            {
              "batter": "V Kohli",
              "bowler": "UT Yadav",
              "non_striker": "AB de Villiers",
              "runs": {
                "batter": 1,
                "extras": 0,
                "total": 1
              },
              "wickets": [
                {
                  "kind": "run out",
                  "player_out": "AB de Villiers",
                  "fielders": [
                    {
                      "name": "DA Warner"
                    }
                  ]
                }
              ]
            },
            {
              "batter": "V Kohli",
              "bowler": "UT Yadav",
              "non_striker": "SS Tiwary",
              "runs": {
                "batter": 1,
                "extras": 0,
                "total": 1
              }
            }
          ]
        },
        {
          "over": 9,
          "deliveries": [
            {
              "batter": "V Kohli",
              "bowler": "M Morkel",
              "non_striker": "SS Tiwary",
              "runs": {
                "batter": 0,
                "extras": 0,
                "total": 0
              },
              "wickets": [
                {
                  "kind": "bowled",
                  "player_out": "V Kohli"
                }
              ]
            },
            {
              "batter": "CA Pujara",
              "bowler": "M Morkel",
              "non_striker": "SS Tiwary",
              "runs": {
                "batter": 0,
                "extras": 0,
                "total": 0
              }
            },
            {
              "batter": "CA Pujara",
              "bowler": "M Morkel",
              "non_striker": "SS Tiwary",
              "runs": {
                "batter": 0,
                "extras": 0,
                "total": 0
              }
            },
            {
              "batter": "CA Pujara",
              "bowler": "M Morkel",
              "non_striker": "SS Tiwary",
              "runs": {
                "batter": 0,
                "extras": 0,
                "total": 0
              }
            },
            {
              "batter": "CA Pujara",
              "bowler": "M Morkel",
              "non_striker": "SS Tiwary",
              "runs": {
                "batter": 1,
                "extras": 0,
                "total": 1
              }
            },
            {
              "batter": "SS Tiwary",
              "bowler": "M Morkel",
              "non_striker": "CA Pujara",
              "runs": {
                "batter": 0,
                "extras": 0,
                "total": 0
              }
            }
          ]
        },
        {
          "over": 10,
          "deliveries": [
            {
              "batter": "CA Pujara",
              "bowler": "JR Hopes",
              "non_striker": "SS Tiwary",
              "runs": {
                "batter": 1,
                "extras": 0,
                "total": 1
              }
            },
            {
              "batter": "SS Tiwary",
              "bowler": "JR Hopes",
              "non_striker": "CA Pujara",
              "runs": {
                "batter": 1,
                "extras": 0,
                "total": 1
              }
            },
            {
              "batter": "CA Pujara",
              "bowler": "JR Hopes",
              "non_striker": "SS Tiwary",
              "runs": {
                "batter": 0,
                "extras": 0,
                "total": 0
              }
            },
            {
              "batter": "CA Pujara",
              "bowler": "JR Hopes",
              "non_striker": "SS Tiwary",
              "runs": {
                "batter": 1,
                "extras": 0,
                "total": 1
              }
            },
            {
              "batter": "SS Tiwary",
              "bowler": "JR Hopes",
              "non_striker": "CA Pujara",
              "runs": {
                "batter": 1,
                "extras": 0,
                "total": 1
              }
            },
            {
              "batter": "CA Pujara",
              "bowler": "JR Hopes",
              "non_striker": "SS Tiwary",
              "runs": {
                "batter": 1,
                "extras": 0,
                "total": 1
              }
            }
          ]
        },
        {
          "over": 11,
          "deliveries": [
            {
              "batter": "CA Pujara",
              "bowler": "IK Pathan",
              "non_striker": "SS Tiwary",
              "runs": {
                "batter": 1,
                "extras": 0,
                "total": 1
              }
            },
            {
              "batter": "SS Tiwary",
              "bowler": "IK Pathan",
              "non_striker": "CA Pujara",
              "runs": {
                "batter": 0,
                "extras": 0,
                "total": 0
              }
            },
            {
              "batter": "SS Tiwary",
              "bowler": "IK Pathan",
              "non_striker": "CA Pujara",
              "runs": {
                "batter": 1,
                "extras": 0,
                "total": 1
              }
            },
            {
              "batter": "CA Pujara",
              "bowler": "IK Pathan",
              "non_striker": "SS Tiwary",
              "runs": {
                "batter": 1,
                "extras": 0,
                "total": 1
              }
            },
            {
              "batter": "SS Tiwary",
              "bowler": "IK Pathan",
              "non_striker": "CA Pujara",
              "runs": {
                "batter": 0,
                "extras": 0,
                "total": 0
              }
            },
            {
              "batter": "SS Tiwary",
              "bowler": "IK Pathan",
              "non_striker": "CA Pujara",
              "runs": {
                "batter": 0,
                "extras": 0,
                "total": 0
              }
            }
          ]
        },
        {
          "over": 12,
          "deliveries": [
            {
              "batter": "CA Pujara",
              "bowler": "Y Nagar",
              "non_striker": "SS Tiwary",
              "runs": {
                "batter": 1,
                "extras": 0,
                "total": 1
              }
            },
            {
              "batter": "SS Tiwary",
              "bowler": "Y Nagar",
              "non_striker": "CA Pujara",
              "runs": {
                "batter": 1,
                "extras": 0,
                "total": 1
              }
            },
            {
              "batter": "CA Pujara",
              "bowler": "Y Nagar",
              "non_striker": "SS Tiwary",
              "runs": {
                "batter": 0,
                "extras": 0,
                "total": 0
              },
              "wickets": [
                {
                  "kind": "caught",
                  "player_out": "CA Pujara",
                  "fielders": [
                    {
                      "name": "DA Warner"
                    }
                  ]
                }
              ]
            },
            {
              "batter": "SS Tiwary",
              "bowler": "Y Nagar",
              "non_striker": "DL Vettori",
              "runs": {
                "batter": 1,
                "extras": 0,
                "total": 1
              }
            },
            {
              "batter": "DL Vettori",
              "bowler": "Y Nagar",
              "non_striker": "SS Tiwary",
              "runs": {
                "batter": 0,
                "extras": 0,
                "total": 0
              }
            },
            {
              "batter": "DL Vettori",
              "bowler": "Y Nagar",
              "non_striker": "SS Tiwary",
              "runs": {
                "batter": 0,
                "extras": 0,
                "total": 0
              }
            }
          ]
        },
        {
          "over": 13,
          "deliveries": [
            {
              "batter": "SS Tiwary",
              "bowler": "JR Hopes",
              "non_striker": "DL Vettori",
              "runs": {
                "batter": 0,
                "extras": 0,
                "total": 0
              }
            },
            {
              "batter": "SS Tiwary",
              "bowler": "JR Hopes",
              "non_striker": "DL Vettori",
              "runs": {
                "batter": 0,
                "extras": 0,
                "total": 0
              }
            },
            {
              "batter": "SS Tiwary",
              "bowler": "JR Hopes",
              "extras": {
                "legbyes": 1
              },
              "non_striker": "DL Vettori",
              "runs": {
                "batter": 0,
                "extras": 1,
                "total": 1
              }
            },
            {
              "batter": "DL Vettori",
              "bowler": "JR Hopes",
              "non_striker": "SS Tiwary",
              "runs": {
                "batter": 0,
                "extras": 0,
                "total": 0
              }
            },
            {
              "batter": "DL Vettori",
              "bowler": "JR Hopes",
              "non_striker": "SS Tiwary",
              "runs": {
                "batter": 0,
                "extras": 0,
                "total": 0
              }
            },
            {
              "batter": "DL Vettori",
              "bowler": "JR Hopes",
              "non_striker": "SS Tiwary",
              "runs": {
                "batter": 1,
                "extras": 0,
                "total": 1
              }
            }
          ]
        },
        {
          "over": 14,
          "deliveries": [
            {
              "batter": "DL Vettori",
              "bowler": "UT Yadav",
              "non_striker": "SS Tiwary",
              "runs": {
                "batter": 0,
                "extras": 0,
                "total": 0
              }
            },
            {
              "batter": "DL Vettori",
              "bowler": "UT Yadav",
              "non_striker": "SS Tiwary",
              "runs": {
                "batter": 1,
                "extras": 0,
                "total": 1
              }
            },
            {
              "batter": "SS Tiwary",
              "bowler": "UT Yadav",
              "non_striker": "DL Vettori",
              "runs": {
                "batter": 1,
                "extras": 0,
                "total": 1
              }
            },
            {
              "batter": "DL Vettori",
              "bowler": "UT Yadav",
              "non_striker": "SS Tiwary",
              "runs": {
                "batter": 1,
                "extras": 0,
                "total": 1
              }
            },
            {
              "batter": "SS Tiwary",
              "bowler": "UT Yadav",
              "non_striker": "DL Vettori",
              "runs": {
                "batter": 4,
                "extras": 0,
                "total": 4
              }
            },
            {
              "batter": "SS Tiwary",
              "bowler": "UT Yadav",
              "non_striker": "DL Vettori",
              "runs": {
                "batter": 0,
                "extras": 0,
                "total": 0
              }
            }
          ]
        },
        {
          "over": 15,
          "deliveries": [
            {
              "batter": "DL Vettori",
              "bowler": "IK Pathan",
              "non_striker": "SS Tiwary",
              "runs": {
                "batter": 0,
                "extras": 0,
                "total": 0
              }
            },
            {
              "batter": "DL Vettori",
              "bowler": "IK Pathan",
              "non_striker": "SS Tiwary",
              "runs": {
                "batter": 6,
                "extras": 0,
                "total": 6
              }
            },
            {
              "batter": "DL Vettori",
              "bowler": "IK Pathan",
              "extras": {
                "byes": 1
              },
              "non_striker": "SS Tiwary",
              "runs": {
                "batter": 0,
                "extras": 1,
                "total": 1
              }
            },
            {
              "batter": "SS Tiwary",
              "bowler": "IK Pathan",
              "non_striker": "DL Vettori",
              "runs": {
                "batter": 1,
                "extras": 0,
                "total": 1
              }
            },
            {
              "batter": "DL Vettori",
              "bowler": "IK Pathan",
              "extras": {
                "byes": 4
              },
              "non_striker": "SS Tiwary",
              "runs": {
                "batter": 0,
                "extras": 4,
                "total": 4
              }
            },
            {
              "batter": "DL Vettori",
              "bowler": "IK Pathan",
              "non_striker": "SS Tiwary",
              "runs": {
                "batter": 0,
                "extras": 0,
                "total": 0
              }
            }
          ]
        },
        {
          "over": 16,
          "deliveries": [
            {
              "batter": "SS Tiwary",
              "bowler": "M Morkel",
              "non_striker": "DL Vettori",
              "runs": {
                "batter": 6,
                "extras": 0,
                "total": 6
              }
            },
            {
              "batter": "SS Tiwary",
              "bowler": "M Morkel",
              "extras": {
                "noballs": 1
              },
              "non_striker": "DL Vettori",
              "runs": {
                "batter": 0,
                "extras": 1,
                "total": 1
              }
            },
            {
              "batter": "SS Tiwary",
              "bowler": "M Morkel",
              "non_striker": "DL Vettori",
              "runs": {
                "batter": 1,
                "extras": 0,
                "total": 1
              }
            },
            {
              "batter": "DL Vettori",
              "bowler": "M Morkel",
              "extras": {
                "wides": 1
              },
              "non_striker": "SS Tiwary",
              "runs": {
                "batter": 0,
                "extras": 1,
                "total": 1
              }
            },
            {
              "batter": "DL Vettori",
              "bowler": "M Morkel",
              "non_striker": "SS Tiwary",
              "runs": {
                "batter": 1,
                "extras": 0,
                "total": 1
              }
            },
            {
              "batter": "SS Tiwary",
              "bowler": "M Morkel",
              "non_striker": "DL Vettori",
              "runs": {
                "batter": 0,
                "extras": 0,
                "total": 0
              },
              "wickets": [
                {
                  "kind": "caught",
                  "player_out": "SS Tiwary",
                  "fielders": [
                    {
                      "name": "NV Ojha"
                    }
                  ]
                }
              ]
            },
            {
              "batter": "A Mithun",
              "bowler": "M Morkel",
              "non_striker": "DL Vettori",
              "runs": {
                "batter": 0,
                "extras": 0,
                "total": 0
              }
            },
            {
              "batter": "A Mithun",
              "bowler": "M Morkel",
              "non_striker": "DL Vettori",
              "runs": {
                "batter": 0,
                "extras": 0,
                "total": 0
              },
              "wickets": [
                {
                  "kind": "caught",
                  "player_out": "A Mithun",
                  "fielders": [
                    {
                      "name": "UT Yadav"
                    }
                  ]
                }
              ]
            }
          ]
        },
        {
          "over": 17,
          "deliveries": [
            {
              "batter": "J Syed Mohammad",
              "bowler": "UT Yadav",
              "non_striker": "DL Vettori",
              "runs": {
                "batter": 0,
                "extras": 0,
                "total": 0
              }
            },
            {
              "batter": "J Syed Mohammad",
              "bowler": "UT Yadav",
              "non_striker": "DL Vettori",
              "runs": {
                "batter": 0,
                "extras": 0,
                "total": 0
              }
            },
            {
              "batter": "J Syed Mohammad",
              "bowler": "UT Yadav",
              "non_striker": "DL Vettori",
              "runs": {
                "batter": 1,
                "extras": 0,
                "total": 1
              }
            },
            {
              "batter": "DL Vettori",
              "bowler": "UT Yadav",
              "non_striker": "J Syed Mohammad",
              "runs": {
                "batter": 1,
                "extras": 0,
                "total": 1
              }
            },
            {
              "batter": "J Syed Mohammad",
              "bowler": "UT Yadav",
              "non_striker": "DL Vettori",
              "runs": {
                "batter": 4,
                "extras": 0,
                "total": 4
              }
            },
            {
              "batter": "J Syed Mohammad",
              "bowler": "UT Yadav",
              "non_striker": "DL Vettori",
              "runs": {
                "batter": 4,
                "extras": 0,
                "total": 4
              }
            }
          ]
        },
        {
          "over": 18,
          "deliveries": [
            {
              "batter": "DL Vettori",
              "bowler": "JR Hopes",
              "extras": {
                "wides": 1
              },
              "non_striker": "J Syed Mohammad",
              "runs": {
                "batter": 0,
                "extras": 1,
                "total": 1
              }
            },
            {
              "batter": "DL Vettori",
              "bowler": "JR Hopes",
              "non_striker": "J Syed Mohammad",
              "runs": {
                "batter": 1,
                "extras": 0,
                "total": 1
              }
            },
            {
              "batter": "J Syed Mohammad",
              "bowler": "JR Hopes",
              "non_striker": "DL Vettori",
              "runs": {
                "batter": 1,
                "extras": 0,
                "total": 1
              }
            },
            {
              "batter": "DL Vettori",
              "bowler": "JR Hopes",
              "non_striker": "J Syed Mohammad",
              "runs": {
                "batter": 4,
                "extras": 0,
                "total": 4
              }
            },
            {
              "batter": "DL Vettori",
              "bowler": "JR Hopes",
              "non_striker": "J Syed Mohammad",
              "runs": {
                "batter": 1,
                "extras": 0,
                "total": 1
              }
            },
            {
              "batter": "J Syed Mohammad",
              "bowler": "JR Hopes",
              "non_striker": "DL Vettori",
              "runs": {
                "batter": 0,
                "extras": 0,
                "total": 0
              }
            },
            {
              "batter": "J Syed Mohammad",
              "bowler": "JR Hopes",
              "non_striker": "DL Vettori",
              "runs": {
                "batter": 1,
                "extras": 0,
                "total": 1
              }
            }
          ]
        },
        {
          "over": 19,
          "deliveries": [
            {
              "batter": "J Syed Mohammad",
              "bowler": "AB Dinda",
              "non_striker": "DL Vettori",
              "runs": {
                "batter": 1,
                "extras": 0,
                "total": 1
              }
            },
            {
              "batter": "DL Vettori",
              "bowler": "AB Dinda",
              "non_striker": "J Syed Mohammad",
              "runs": {
                "batter": 1,
                "extras": 0,
                "total": 1
              }
            },
            {
              "batter": "J Syed Mohammad",
              "bowler": "AB Dinda",
              "non_striker": "DL Vettori",
              "runs": {
                "batter": 1,
                "extras": 0,
                "total": 1
              }
            }
          ]
        }
      ],
      "powerplays": [
        {
          "from": 0.1,
          "to": 5.6,
          "type": "mandatory"
        }
      ],
      "target": {
        "overs": 20,
        "runs": 161
      }
    }
  ]
}